"情景","问题","目的","配图"
"和久违的好朋友重逢：请想象一个工作日傍晚，你拖着行李走出车站，在拥挤的人群里突然听见有人叫你小时候的昵称。你回头发现是多年没有见、过去关系很好的朋友。你们事先都不知道对方会出现在这里。请按顺序代入以下片段。","片段1：你刚回头时还没有完全反应过来；对方已经认出你，笑着快步朝你走来。请呈现从迟疑到确认是好友的瞬间表情。","愉悦型笑｜惊喜笑：利用意外识别与积极重逢，诱发短暂、迅速出现的真实愉悦。","illustrations/scene_001_reunion.png"
"和久违的好朋友重逢：请想象一个工作日傍晚，你拖着行李走出车站，在拥挤的人群里突然听见有人叫你小时候的昵称。你回头发现是多年没有见、过去关系很好的朋友。你们事先都不知道对方会出现在这里。请按顺序代入以下片段。","片段2：对方站到你面前，说“真的是你，好久不见”，并自然地张开双臂。请呈现你回应这次重逢时的表情。","愉悦型笑｜开怀笑：利用被欢迎感和长期分离后的重逢，诱发开放、明显的笑。","illustrations/scene_001_reunion.png"
"和久违的好朋友重逢：请想象一个工作日傍晚，你拖着行李走出车站，在拥挤的人群里突然听见有人叫你小时候的昵称。你回头发现是多年没有见、过去关系很好的朋友。你们事先都不知道对方会出现在这里。请按顺序代入以下片段。","片段3：你们一边往车站外走，一边确认彼此这些年的变化；对方说你说话时的小动作一点都没变。请呈现你听到这句话时的表情。","温柔型笑｜亲近暖笑：利用熟悉细节被记住，诱发带亲近感的温暖笑容。","illustrations/scene_001_reunion.png"
"和久违的好朋友重逢：请想象一个工作日傍晚，你拖着行李走出车站，在拥挤的人群里突然听见有人叫你小时候的昵称。你回头发现是多年没有见、过去关系很好的朋友。你们事先都不知道对方会出现在这里。请按顺序代入以下片段。","片段4：对方提到你们学生时代共同做过的一件傻事，还模仿了当时你的样子。请呈现记忆被重新唤起时的表情。","愉悦型笑｜爽朗笑：利用共同回忆和现场模仿，诱发幅度较大的共享笑。","illustrations/scene_001_reunion.png"
"和久违的好朋友重逢：请想象一个工作日傍晚，你拖着行李走出车站，在拥挤的人群里突然听见有人叫你小时候的昵称。你回头发现是多年没有见、过去关系很好的朋友。你们事先都不知道对方会出现在这里。请按顺序代入以下片段。","片段5：对方认真说，当年搬走以后最舍不得的就是你，却一直没有好意思联系。请呈现你听到这段话时的表情。","温柔型笑｜感动暖笑：利用迟来的真诚表达，诱发感动、柔和的笑。","illustrations/scene_001_reunion.png"
"和久违的好朋友重逢：请想象一个工作日傍晚，你拖着行李走出车站，在拥挤的人群里突然听见有人叫你小时候的昵称。你回头发现是多年没有见、过去关系很好的朋友。你们事先都不知道对方会出现在这里。请按顺序代入以下片段。","片段6：对方忽然注意到你一直在看他，打趣道“怎么，几年没见不认识我了？”请呈现被点破后短暂移开目光的表情。","羞涩型笑｜腼腆笑：利用目光被察觉和善意打趣，诱发回避目光、略克制的笑。","illustrations/scene_001_reunion.png"
"和久违的好朋友重逢：请想象一个工作日傍晚，你拖着行李走出车站，在拥挤的人群里突然听见有人叫你小时候的昵称。你回头发现是多年没有见、过去关系很好的朋友。你们事先都不知道对方会出现在这里。请按顺序代入以下片段。","片段7：分别前，对方临时提议今晚就找地方好好聊聊，并开始兴奋地联系共同朋友。请呈现你意识到重逢还会继续时的表情。","愉悦型笑｜期待笑：利用快乐活动即将延续，诱发轻快、持续的期待笑。","illustrations/scene_001_reunion.png"
"和久违的好友聚餐：请想象你与一位曾经非常亲近、现在因工作和距离很少见面的好友在安静的小餐馆吃饭。最初略有生疏，但聊天慢慢回到过去熟悉的节奏。请按顺序代入以下片段。","片段1：你们聊起学生时代一起做过的傻事，对方补充了一个你几乎忘记的细节，两个人越说越起劲。请呈现你边回忆边听他说时的表情。","愉悦型笑｜真心笑：利用共同的有趣记忆与同步交流，诱发自然、共享的笑。","illustrations/scene_002_old_friend_dinner.png"
"和久违的好友聚餐：请想象你与一位曾经非常亲近、现在因工作和距离很少见面的好友在安静的小餐馆吃饭。最初略有生疏，但聊天慢慢回到过去熟悉的节奏。请按顺序代入以下片段。","片段2：话题转到近况。你向好友说起最近工作里反复出现、自己又暂时解决不了的问题；说到“每天都在处理，但好像还是原地踏步”时，请呈现你一边诉说、一边无奈笑出来的表情。","苦涩型笑｜无奈苦笑：利用长期努力与缺乏控制感的冲突，诱发带疲惫的苦笑。","illustrations/scene_002_old_friend_dinner.png"
"和久违的好友聚餐：请想象你与一位曾经非常亲近、现在因工作和距离很少见面的好友在安静的小餐馆吃饭。最初略有生疏，但聊天慢慢回到过去熟悉的节奏。请按顺序代入以下片段。","片段3：好友开始讲他的近况，内容并不特别好笑，但他讲得很投入、滔滔不绝，还不时看向你确认你在听。请呈现你作为熟悉听众回应他的表情。","社交型笑｜陪伴式礼貌笑：利用倾听和维持互动的需要，诱发温和、配合性的笑。","illustrations/scene_002_old_friend_dinner.png"
"和久违的好友聚餐：请想象你与一位曾经非常亲近、现在因工作和距离很少见面的好友在安静的小餐馆吃饭。最初略有生疏，但聊天慢慢回到过去熟悉的节奏。请按顺序代入以下片段。","片段4：轮到你讲一位共同好友最近发生的趣事。你讲到最关键的地方故意停下来，看着对方说“你猜后来怎么了”。请呈现卖关子时的表情。","狡黠型笑｜意味深长的坏笑：利用掌握结局而暂不揭示的信息差，诱发调皮、吊胃口的笑。","illustrations/scene_002_old_friend_dinner.png"
"和久违的好友聚餐：请想象你与一位曾经非常亲近、现在因工作和距离很少见面的好友在安静的小餐馆吃饭。最初略有生疏，但聊天慢慢回到过去熟悉的节奏。请按顺序代入以下片段。","片段5：你开始吐槽一个经常抢功、又把责任推给别人的人，说到“那种人凭什么还能装得理直气壮”时，请呈现你看向好友、带着不认同继续讲述的表情。","讥讽型笑｜不屑一笑：利用对虚构对象行为的否定和轻蔑，诱发不屑、讥讽性的笑。","illustrations/scene_002_old_friend_dinner.png"
"和久违的好友聚餐：请想象你与一位曾经非常亲近、现在因工作和距离很少见面的好友在安静的小餐馆吃饭。最初略有生疏，但聊天慢慢回到过去熟悉的节奏。请按顺序代入以下片段。","片段6：好友没有急着给建议，只是说“听起来你真的撑了很久”。请呈现你发现对方理解了你的处境时的表情。","温柔型笑｜被理解的暖笑：利用被熟人接住情绪的体验，诱发放松、带感谢的笑。","illustrations/scene_002_old_friend_dinner.png"
"和久违的好友聚餐：请想象你与一位曾经非常亲近、现在因工作和距离很少见面的好友在安静的小餐馆吃饭。最初略有生疏，但聊天慢慢回到过去熟悉的节奏。请按顺序代入以下片段。","片段7：饭后走到路口，你们发现下一次见面可能又要等很久。好友故作轻松地说“别又一转眼几年”。请呈现你回应这句告别话时的表情。","苦涩型笑｜心酸笑：利用重逢的快乐与再次分别并存，诱发含不舍的笑。","illustrations/scene_002_old_friend_dinner.png"
"意外遇到认识你、但你认不出的人：请想象你在商场排队买咖啡，一位与你年龄相近的人突然准确叫出你的名字，像老熟人一样向你打招呼。你确定见过对方，却完全想不起姓名和认识的场合。请按顺序代入以下片段。","片段1：对方自然地说“好久不见”，你下意识先回应了招呼，但脑中仍在快速搜索记忆。请呈现这一瞬间的表情。","社交型笑｜自动礼貌笑：利用突然被问候和需要即时回应的压力，诱发礼节性笑。","illustrations/scene_003_unrecognized_acquaintance.png"
"意外遇到认识你、但你认不出的人：请想象你在商场排队买咖啡，一位与你年龄相近的人突然准确叫出你的名字，像老熟人一样向你打招呼。你确定见过对方，却完全想不起姓名和认识的场合。请按顺序代入以下片段。","片段2：对方问“你还在原来的地方工作吗”，显然记得你的近况；你只能先用较笼统的回答继续对话。请呈现你试图不让对方难堪时的表情。","社交型笑｜维持性陪笑：利用信息不对称和维持互动的需要，诱发克制的社交笑。","illustrations/scene_003_unrecognized_acquaintance.png"
"意外遇到认识你、但你认不出的人：请想象你在商场排队买咖啡，一位与你年龄相近的人突然准确叫出你的名字，像老熟人一样向你打招呼。你确定见过对方，却完全想不起姓名和认识的场合。请按顺序代入以下片段。","片段3：对方看着你的迟疑，说“你不会不记得我了吧”。请呈现被直接点破、短暂低头或移开目光时的表情。","羞涩型笑｜尴尬腼腆笑：利用记忆失败被公开识别，诱发回避目光和抿嘴笑。","illustrations/scene_003_unrecognized_acquaintance.png"
"意外遇到认识你、但你认不出的人：请想象你在商场排队买咖啡，一位与你年龄相近的人突然准确叫出你的名字，像老熟人一样向你打招呼。你确定见过对方，却完全想不起姓名和认识的场合。请按顺序代入以下片段。","片段4：你坦白说“对不起，我觉得很眼熟，但一下想不起在哪里见过”，等待对方补充。请呈现说完道歉后观察对方反应时的表情。","社交型笑｜缓和笑：利用诚实解释和修复轻微失礼，诱发安抚、缓和性的笑。","illustrations/scene_003_unrecognized_acquaintance.png"
"意外遇到认识你、但你认不出的人：请想象你在商场排队买咖啡，一位与你年龄相近的人突然准确叫出你的名字，像老熟人一样向你打招呼。你确定见过对方，却完全想不起姓名和认识的场合。请按顺序代入以下片段。","片段5：对方提醒你们曾在一次短期培训中同组，你终于把人和场景对应起来。请呈现恍然大悟、同时有些不好意思的表情。","羞涩型笑｜释然羞涩笑：利用记忆恢复与先前失认的反差，诱发释然又腼腆的笑。","illustrations/scene_003_unrecognized_acquaintance.png"
"意外遇到认识你、但你认不出的人：请想象你在商场排队买咖啡，一位与你年龄相近的人突然准确叫出你的名字，像老熟人一样向你打招呼。你确定见过对方，却完全想不起姓名和认识的场合。请按顺序代入以下片段。","片段6：分别后你回想刚才一直含糊应对的几分钟，觉得自己有点狼狈。请呈现独自走开时回想这段插曲的表情。","苦涩型笑｜自嘲苦笑：利用社交小失误后的自我评价，诱发轻度自嘲和无奈。","illustrations/scene_003_unrecognized_acquaintance.png"
"收到用心制作的礼物：请想象在一个对你很有纪念意义的日子，一位关系很好的朋友约你见面。她拿出包装精致的小盒子，说为了准备这份礼物，断断续续做了几个星期。请按顺序代入以下片段。","片段1：对方兴致勃勃地讲她怎样想到这个点子、第一次做坏了哪里、后来又怎样重新来过。请呈现你专心听她讲制作过程时的表情。","温柔型笑｜关怀暖笑：利用对方投入的讲述和关系亲近感，诱发柔和、专注的笑。","illustrations/scene_004_handmade_gift.png"
"收到用心制作的礼物：请想象在一个对你很有纪念意义的日子，一位关系很好的朋友约你见面。她拿出包装精致的小盒子，说为了准备这份礼物，断断续续做了几个星期。请按顺序代入以下片段。","片段2：对方把礼物递到你手里，一直观察你的反应。你开始慢慢拆开包装，请呈现期待与略微不好意思交织的表情。","羞涩型笑｜腼腆期待笑：利用成为注意中心和即将揭晓的期待，诱发克制的笑。","illustrations/scene_004_handmade_gift.png"
"收到用心制作的礼物：请想象在一个对你很有纪念意义的日子，一位关系很好的朋友约你见面。她拿出包装精致的小盒子，说为了准备这份礼物，断断续续做了几个星期。请按顺序代入以下片段。","片段3：你发现礼物正是自己很久以前说过很想要、却已经忘记提过的东西，而且对方亲手把它做了出来。请呈现认出礼物用途的瞬间表情。","愉悦型笑｜惊喜笑：利用愿望被记住并意外实现，诱发明显的惊喜愉悦。","illustrations/scene_004_handmade_gift.png"
"收到用心制作的礼物：请想象在一个对你很有纪念意义的日子，一位关系很好的朋友约你见面。她拿出包装精致的小盒子，说为了准备这份礼物，断断续续做了几个星期。请按顺序代入以下片段。","片段4：你仔细看见礼物上还有只有你们两个人懂的细节，意识到对方确实花了很多心思。请呈现你抬头看向她时的表情。","温柔型笑｜感动甜笑：利用共享记忆被嵌入礼物，诱发亲近、感动的笑。","illustrations/scene_004_handmade_gift.png"
"收到用心制作的礼物：请想象在一个对你很有纪念意义的日子，一位关系很好的朋友约你见面。她拿出包装精致的小盒子，说为了准备这份礼物，断断续续做了几个星期。请按顺序代入以下片段。","片段5：对方小心地问“是不是和你想象的不太一样”，语气里带着一点担心。请呈现你立刻想让她放心、又不知道先说什么时的表情。","羞涩型笑｜抿嘴笑：利用强烈感谢难以立即语言化，诱发抿嘴、短暂回避的笑。","illustrations/scene_004_handmade_gift.png"
"收到用心制作的礼物：请想象在一个对你很有纪念意义的日子，一位关系很好的朋友约你见面。她拿出包装精致的小盒子，说为了准备这份礼物，断断续续做了几个星期。请按顺序代入以下片段。","片段6：你把礼物拿在手里反复看，对方终于放松下来，开始笑自己制作时的笨拙。请呈现你们一起回顾这份礼物时的表情。","愉悦型笑｜满足笑：利用惊喜落定与共同分享，诱发稳定、满足的笑。","illustrations/scene_004_handmade_gift.png"
"工作中被褒奖：请想象周一的部门例会上，大家正在复盘上周一次临时故障。你原本只准备汇报进度，主管却在所有同事面前点名说明，是你及时发现了关键问题，并称赞你的处理很稳妥。请按顺序代入以下片段。","片段1：主管突然念到你的名字，几位同事同时转头看你；你还没确定接下来是表扬还是提问。请呈现刚成为注意焦点时的表情。","羞涩型笑｜紧张克制笑：利用公开注意和结果未明，诱发短促、克制的笑。","illustrations/scene_005_work_praise.png"
"工作中被褒奖：请想象周一的部门例会上，大家正在复盘上周一次临时故障。你原本只准备汇报进度，主管却在所有同事面前点名说明，是你及时发现了关键问题，并称赞你的处理很稳妥。请按顺序代入以下片段。","片段2：主管明确说“这次多亏你提前发现”，并请大家以后参考你的处理方式。请呈现确认自己受到表扬时的表情。","愉悦型笑｜成就微笑：利用努力被公开认可，诱发自然的满足笑。","illustrations/scene_005_work_praise.png"
"工作中被褒奖：请想象周一的部门例会上，大家正在复盘上周一次临时故障。你原本只准备汇报进度，主管却在所有同事面前点名说明，是你及时发现了关键问题，并称赞你的处理很稳妥。请按顺序代入以下片段。","片段3：同事们鼓掌，你需要简短回应，并说明这是团队共同完成的。请呈现你边回应边看向同事时的表情。","社交型笑｜谦逊礼貌笑：利用公开回应和分享功劳的规范，诱发受控、友好的笑。","illustrations/scene_005_work_praise.png"
"工作中被褒奖：请想象周一的部门例会上，大家正在复盘上周一次临时故障。你原本只准备汇报进度，主管却在所有同事面前点名说明，是你及时发现了关键问题，并称赞你的处理很稳妥。请按顺序代入以下片段。","片段4：主管问你能否把经验整理成模板，今后让其他人使用。请呈现你意识到自己的做法真正被认可时的表情。","愉悦型笑｜自豪满足笑：利用能力被确认并产生持续价值，诱发自豪而不过分夸张的笑。","illustrations/scene_005_work_praise.png"
"工作中被褒奖：请想象周一的部门例会上，大家正在复盘上周一次临时故障。你原本只准备汇报进度，主管却在所有同事面前点名说明，是你及时发现了关键问题，并称赞你的处理很稳妥。请按顺序代入以下片段。","片段5：散会后，一位平时很少夸人的同事走过来说“那天你确实救了大家”。请呈现听到这句私下肯定时的表情。","羞涩型笑｜不好意思的笑：利用意外而直接的同伴赞美，诱发腼腆笑。","illustrations/scene_005_work_praise.png"
"工作中被褒奖：请想象周一的部门例会上，大家正在复盘上周一次临时故障。你原本只准备汇报进度，主管却在所有同事面前点名说明，是你及时发现了关键问题，并称赞你的处理很稳妥。请按顺序代入以下片段。","片段6：另一位曾帮助过你的同事说，他看到你的进步也很高兴。请呈现你向他表达感谢时的表情。","温柔型笑｜感激暖笑：利用长期支持被重新确认，诱发温暖、真诚的笑。","illustrations/scene_005_work_praise.png"
"工作中被批评：请想象在项目复盘会上，你负责的报告被投到大屏幕上。主管指出其中遗漏了一项需求，导致其他同事需要临时返工。问题确实存在，但现场还有几位并不了解完整过程的人。请按顺序代入以下片段。","片段1：主管刚指出遗漏，会议室里安静下来，大家都在等你回应。请呈现你先听完、准备解释时的表情。","社交型笑｜紧张礼貌笑：利用公开批评和必须保持专业的需要，诱发幅度很小的职业性笑。","illustrations/scene_006_work_criticism.png"
"工作中被批评：请想象在项目复盘会上，你负责的报告被投到大屏幕上。主管指出其中遗漏了一项需求，导致其他同事需要临时返工。问题确实存在，但现场还有几位并不了解完整过程的人。请按顺序代入以下片段。","片段2：你承认自己有疏忽，并向受到影响的同事道歉；对方点头表示先继续开会。请呈现你完成道歉时的表情。","社交型笑｜缓和笑：利用责任承担和关系修复，诱发安抚、缓和性的笑。","illustrations/scene_006_work_criticism.png"
"工作中被批评：请想象在项目复盘会上，你负责的报告被投到大屏幕上。主管指出其中遗漏了一项需求，导致其他同事需要临时返工。问题确实存在，但现场还有几位并不了解完整过程的人。请按顺序代入以下片段。","片段3：主管说“这种基础错误不应该发生”，你想到那周曾多次提醒需求仍在变化，却没有人在场提起。请呈现你没有立即争辩时的表情。","苦涩型笑｜强颜欢笑：利用有委屈却不便当场展开的处境，诱发表面克制的笑。","illustrations/scene_006_work_criticism.png"
"工作中被批评：请想象在项目复盘会上，你负责的报告被投到大屏幕上。主管指出其中遗漏了一项需求，导致其他同事需要临时返工。问题确实存在，但现场还有几位并不了解完整过程的人。请按顺序代入以下片段。","片段4：一位参与很少的同事补充说“这不是常识吗”，语气显得轻松而居高临下。请呈现你看向他时短暂出现的表情。","讥讽型笑｜冷笑：利用对不公平评价和优越姿态的否定，诱发克制的冷笑。","illustrations/scene_006_work_criticism.png"
"工作中被批评：请想象在项目复盘会上，你负责的报告被投到大屏幕上。主管指出其中遗漏了一项需求，导致其他同事需要临时返工。问题确实存在，但现场还有几位并不了解完整过程的人。请按顺序代入以下片段。","片段5：会后主管私下告诉你，批评是针对结果，不是否定你的整体能力，但修改仍要今晚完成。请呈现你听完这段话时的表情。","苦涩型笑｜无奈苦笑：利用部分安慰与额外负担并存，诱发疲惫、无奈的笑。","illustrations/scene_006_work_criticism.png"
"工作中被批评：请想象在项目复盘会上，你负责的报告被投到大屏幕上。主管指出其中遗漏了一项需求，导致其他同事需要临时返工。问题确实存在，但现场还有几位并不了解完整过程的人。请按顺序代入以下片段。","片段6：你回到座位，看到已经写好的下班计划，只能重新打开文件开始改。请呈现独处后面对现实安排时的表情。","苦涩型笑｜自嘲苦笑：利用计划落空和必须继续工作的反差，诱发轻度自嘲。","illustrations/scene_006_work_criticism.png"
"第一次见上司或教授：请想象你第一次单独进入一位上司或教授的办公室，准备汇报一个自己很重视的方案。你提前演练过开场，但对对方的性格并不了解。请按顺序代入以下片段。","片段1：你敲门进去，对方抬头示意你坐下，并问你路上是否顺利。请呈现第一次正式面对对方、回应寒暄时的表情。","社交型笑｜正式礼貌笑：利用地位差异和初次会面的规范，诱发职业性、克制的笑。","illustrations/scene_007_supervisor_group.png"
"第一次见上司或教授：请想象你第一次单独进入一位上司或教授的办公室，准备汇报一个自己很重视的方案。你提前演练过开场，但对对方的性格并不了解。请按顺序代入以下片段。","片段2：你刚开始介绍方案，办公室门突然打开，四位你完全没有预料到的人一起走进来，并在旁边坐下。请呈现你意识到汇报对象突然增加时的表情。","羞涩型笑｜尴尬笑：利用听众规模突然改变，诱发僵住、回避目光或抿嘴笑。","illustrations/scene_007_supervisor_group.png"
"第一次见上司或教授：请想象你第一次单独进入一位上司或教授的办公室，准备汇报一个自己很重视的方案。你提前演练过开场，但对对方的性格并不了解。请按顺序代入以下片段。","片段3：上司或教授解释说他们只是临时来旁听，并请你继续；所有人的目光重新落到你身上。请呈现你重新找到讲述节奏前的表情。","羞涩型笑｜紧张克制笑：利用被多人注视和需要立即恢复表现，诱发紧张笑。","illustrations/scene_007_supervisor_group.png"
"第一次见上司或教授：请想象你第一次单独进入一位上司或教授的办公室，准备汇报一个自己很重视的方案。你提前演练过开场，但对对方的性格并不了解。请按顺序代入以下片段。","片段4：汇报结束后，对方说“谢谢，先到这里”，你礼貌告别并走出办公室。门关上的一刻，走廊里只剩你一个人。请呈现终于放松下来的表情。","愉悦型笑｜释然笑：利用高压互动结束后的张力释放，诱发自然的放松笑。","illustrations/scene_007_supervisor_group.png"
"第一次见上司或教授：请想象你第一次单独进入一位上司或教授的办公室，准备汇报一个自己很重视的方案。你提前演练过开场，但对对方的性格并不了解。请按顺序代入以下片段。","片段5：走出一段后，你突然发现记录本落在办公室里。你很不情愿重新打断他们，但又必须回去拿。请呈现转身往回走时的表情。","苦涩型笑｜无奈苦笑：利用刚脱离压力又不得不返回的反差，诱发无奈笑。","illustrations/scene_007_supervisor_group.png"
"第一次见上司或教授：请想象你第一次单独进入一位上司或教授的办公室，准备汇报一个自己很重视的方案。你提前演练过开场，但对对方的性格并不了解。请按顺序代入以下片段。","片段6：你再次敲门说明来意，对方没有不耐烦，只是笑着把记录本递给你，还说“第一次来紧张很正常”。请呈现你接过东西时的表情。","社交型笑｜释尴尬的礼貌笑：利用对方主动缓和失误，诱发礼貌且明显放松的笑。","illustrations/scene_007_supervisor_group.png"
"第一次见上司或教授：请想象你第一次单独进入一位上司或教授的办公室，准备汇报一个自己很重视的方案。你提前演练过开场，但对对方的性格并不了解。请按顺序代入以下片段。","片段7：对方又补充说你的方案里有几个想法不错，之后可以慢慢讨论。你发现对方比想象中和蔼。请呈现你第二次离开办公室时的表情。","温柔型笑｜安心暖笑：利用权威人物的善意和认可，诱发安心、亲近感上升的笑。","illustrations/scene_007_supervisor_group.png"
"电车因人身事故延迟：请想象工作日傍晚，你在车站等一班关系到后续换乘的电车。站台广播突然通知前方发生人身事故，恢复时间未定。无需想象事故画面，只关注等待、行程被打乱和与周围人的互动。请按顺序代入以下片段。","片段1：广播第一次响起时，你看了一眼时刻表，原本以为只是短暂停车。请呈现听清“恢复时间未定”后的表情。","苦涩型笑｜无奈笑：利用不可控延迟和原计划受阻，诱发轻度无奈笑。","illustrations/scene_008_train_delay.png"
"电车因人身事故延迟：请想象工作日傍晚，你在车站等一班关系到后续换乘的电车。站台广播突然通知前方发生人身事故，恢复时间未定。无需想象事故画面，只关注等待、行程被打乱和与周围人的互动。请按顺序代入以下片段。","片段2：电子屏把预计延迟从十分钟改成四十分钟，你已经错过原定换乘。请呈现你重新计算路线却发现没有更快方案时的表情。","苦涩型笑｜苦笑：利用希望进一步落空，诱发带失望的苦笑。","illustrations/scene_008_train_delay.png"
"电车因人身事故延迟：请想象工作日傍晚，你在车站等一班关系到后续换乘的电车。站台广播突然通知前方发生人身事故，恢复时间未定。无需想象事故画面，只关注等待、行程被打乱和与周围人的互动。请按顺序代入以下片段。","片段3：朋友发消息问“你是不是快到了”，你需要解释晚餐预约可能赶不上。请呈现你输入说明并发送时的表情。","社交型笑｜歉意礼貌笑：利用对他人计划造成影响的顾虑，诱发带歉意的社交笑。","illustrations/scene_008_train_delay.png"
"电车因人身事故延迟：请想象工作日傍晚，你在车站等一班关系到后续换乘的电车。站台广播突然通知前方发生人身事故，恢复时间未定。无需想象事故画面，只关注等待、行程被打乱和与周围人的互动。请按顺序代入以下片段。","片段4：旁边同样被困的乘客看着不断更新的屏幕，小声说“今天真会挑时间”。你们短暂对视。请呈现你回应这句共同处境式吐槽时的表情。","苦涩型笑｜共情式苦笑：利用陌生人共享无奈处境，诱发短暂、同步的苦笑。","illustrations/scene_008_train_delay.png"
"电车因人身事故延迟：请想象工作日傍晚，你在车站等一班关系到后续换乘的电车。站台广播突然通知前方发生人身事故，恢复时间未定。无需想象事故画面，只关注等待、行程被打乱和与周围人的互动。请按顺序代入以下片段。","片段5：广播再次重复固定格式的“给您带来不便，敬请谅解”，但没有提供新信息。请呈现你听到第三次重复时的表情。","讥讽型笑｜冷笑：利用信息不足与程式化安抚的落差，诱发克制的否定性笑。","illustrations/scene_008_train_delay.png"
"电车因人身事故延迟：请想象工作日傍晚，你在车站等一班关系到后续换乘的电车。站台广播突然通知前方发生人身事故，恢复时间未定。无需想象事故画面，只关注等待、行程被打乱和与周围人的互动。请按顺序代入以下片段。","片段6：手机电量只剩很少，旁边乘客主动把移动电源递给你，说自己还有另一块。请呈现你接受帮助并道谢时的表情。","温柔型笑｜感激暖笑：利用陌生人的实际帮助，诱发真诚、温暖的笑。","illustrations/scene_008_train_delay.png"
"电车因人身事故延迟：请想象工作日傍晚，你在车站等一班关系到后续换乘的电车。站台广播突然通知前方发生人身事故，恢复时间未定。无需想象事故画面，只关注等待、行程被打乱和与周围人的互动。请按顺序代入以下片段。","片段7：你刚改好备用路线，广播又说替代线路也出现拥堵；你看着手机里连续被推迟的到达时间，忍不住笑了一下。请呈现这种接连失控后的反应。","失控型笑｜绝望式笑：利用低风险但连续的行程挫折，诱发短促、反常的失控笑。","illustrations/scene_008_train_delay.png"
"幸运买到最后一块蛋糕：请想象下班后你特意绕路去一家常去的蛋糕店，想买当天限定、经常提前售罄的蛋糕。你到店时展示柜几乎空了，只在角落里还放着最后一块。请按顺序代入以下片段。","片段1：你先以为那只是展示牌，走近才看清确实还剩一块完整的蛋糕。请呈现确认没有看错时的表情。","愉悦型笑｜幸运惊喜笑：利用低预期下发现稀缺目标，诱发迅速出现的惊喜笑。","illustrations/scene_009_last_cake.png"
"幸运买到最后一块蛋糕：请想象下班后你特意绕路去一家常去的蛋糕店，想买当天限定、经常提前售罄的蛋糕。你到店时展示柜几乎空了，只在角落里还放着最后一块。请按顺序代入以下片段。","片段2：店员确认“这是今天最后一块，可以给您留”，并把售罄牌放到柜台上。请呈现听到确认时的表情。","愉悦型笑｜满足笑：利用获得确定性和愿望实现，诱发稳定的满足笑。","illustrations/scene_009_last_cake.png"
"幸运买到最后一块蛋糕：请想象下班后你特意绕路去一家常去的蛋糕店，想买当天限定、经常提前售罄的蛋糕。你到店时展示柜几乎空了，只在角落里还放着最后一块。请按顺序代入以下片段。","片段3：你身后刚好又来了一位顾客，也朝展示柜看了一眼；你已经先完成了点单。请呈现与对方短暂对视时的表情。","社交型笑｜略带歉意的礼貌笑：利用竞争结果已定但仍顾及他人感受，诱发克制社交笑。","illustrations/scene_009_last_cake.png"
"幸运买到最后一块蛋糕：请想象下班后你特意绕路去一家常去的蛋糕店，想买当天限定、经常提前售罄的蛋糕。你到店时展示柜几乎空了，只在角落里还放着最后一块。请按顺序代入以下片段。","片段4：同行的朋友说自己也很想吃，半开玩笑地问能不能分一口。你没有立刻答应，先看着他想条件。请呈现这个停顿时的表情。","狡黠型笑｜讨价还价的坏笑：利用掌握稀缺资源和熟人玩笑，诱发调皮、算计式笑。","illustrations/scene_009_last_cake.png"
"幸运买到最后一块蛋糕：请想象下班后你特意绕路去一家常去的蛋糕店，想买当天限定、经常提前售罄的蛋糕。你到店时展示柜几乎空了，只在角落里还放着最后一块。请按顺序代入以下片段。","片段5：结账时店员告诉你今天会员积分刚好能抵掉一部分价格。请呈现好运再次叠加时的表情。","愉悦型笑｜开心笑：利用意外的小额收益，诱发轻松、明亮的笑。","illustrations/scene_009_last_cake.png"
"幸运买到最后一块蛋糕：请想象下班后你特意绕路去一家常去的蛋糕店，想买当天限定、经常提前售罄的蛋糕。你到店时展示柜几乎空了，只在角落里还放着最后一块。请按顺序代入以下片段。","片段6：你最终把蛋糕切成两份，朋友认真把更大的一份推回给你，说“毕竟是你找到的”。请呈现你接受这份体贴时的表情。","社交型笑｜友好感谢笑：利用熟人间公平和体贴，诱发带感谢的社交笑。","illustrations/scene_009_last_cake.png"
"随意进入一家很合胃口的店：请想象周末下午你没有明确目的地，在一条不熟悉的街上躲开人群，随手推门进入一家看起来普通的小店。店内音乐、气味、陈列和商品风格都意外符合你的喜好。请按顺序代入以下片段。","片段1：门关上后，你发现店里正在播放自己最近反复听的一首歌。请呈现你意识到歌曲熟悉时的表情。","愉悦型笑｜意外共鸣笑：利用陌生环境中的熟悉偏好，诱发轻松惊喜。","illustrations/scene_010_hidden_gem_shop.png"
"随意进入一家很合胃口的店：请想象周末下午你没有明确目的地，在一条不熟悉的街上躲开人群，随手推门进入一家看起来普通的小店。店内音乐、气味、陈列和商品风格都意外符合你的喜好。请按顺序代入以下片段。","片段2：你沿着货架走，连续看到几件平时很难找到、却正好符合你审美的东西。请呈现你越看越投入时的表情。","愉悦型笑｜满足微笑：利用偏好连续被命中，诱发持续、自然的微笑。","illustrations/scene_010_hidden_gem_shop.png"
"随意进入一家很合胃口的店：请想象周末下午你没有明确目的地，在一条不熟悉的街上躲开人群，随手推门进入一家看起来普通的小店。店内音乐、气味、陈列和商品风格都意外符合你的喜好。请按顺序代入以下片段。","片段3：店员没有立刻推销，只在你停留很久后说“这一排是我自己最喜欢的”。请呈现你与店员短暂交流时的表情。","社交型笑｜友好礼貌笑：利用低压力的共同兴趣交流，诱发自然的社交笑。","illustrations/scene_010_hidden_gem_shop.png"
"随意进入一家很合胃口的店：请想象周末下午你没有明确目的地，在一条不熟悉的街上躲开人群，随手推门进入一家看起来普通的小店。店内音乐、气味、陈列和商品风格都意外符合你的喜好。请按顺序代入以下片段。","片段4：你随口说很喜欢店里的选择，店员回答“能看出来，你挑的都是我最舍不得卖的”。请呈现被陌生人善意评价品味时的表情。","羞涩型笑｜被夸后的腼腆笑：利用轻度个人赞美，诱发不好意思但愉快的笑。","illustrations/scene_010_hidden_gem_shop.png"
"随意进入一家很合胃口的店：请想象周末下午你没有明确目的地，在一条不熟悉的街上躲开人群，随手推门进入一家看起来普通的小店。店内音乐、气味、陈列和商品风格都意外符合你的喜好。请按顺序代入以下片段。","片段5：你在角落发现一件与童年记忆有关的小物件，店员愿意讲它的来源。请呈现你一边看、一边听故事时的表情。","温柔型笑｜怀旧暖笑：利用温和的个人记忆和善意讲述，诱发柔和笑容。","illustrations/scene_010_hidden_gem_shop.png"
"随意进入一家很合胃口的店：请想象周末下午你没有明确目的地，在一条不熟悉的街上躲开人群，随手推门进入一家看起来普通的小店。店内音乐、气味、陈列和商品风格都意外符合你的喜好。请按顺序代入以下片段。","片段6：离开时你把店铺位置存进手机，意识到以后会愿意专程再来。请呈现走出门后回头看招牌时的表情。","愉悦型笑｜发现宝藏的开心笑：利用偶然发现变成未来期待，诱发轻快、满足的笑。","illustrations/scene_010_hidden_gem_shop.png"
"期待已久的预约餐厅并不好吃：请想象你提前一个多月预约了一家评价很高的餐厅，还专门空出了晚上。你和朋友准时到店，环境看起来不错，但菜品从第一口开始就和期待有明显差距。请按顺序代入以下片段。","片段1：第一道菜端上来时摆盘很精致，你满怀期待地尝了一口，却发现味道寡淡、温度也不合适。朋友正在观察你的反应。请呈现你咽下第一口时的表情。","苦涩型笑｜期待落空的苦笑：利用高期待与第一口体验的落差，诱发失望又克制的笑。","illustrations/scene_011_disappointing_restaurant.png"
"期待已久的预约餐厅并不好吃：请想象你提前一个多月预约了一家评价很高的餐厅，还专门空出了晚上。你和朋友准时到店，环境看起来不错，但菜品从第一口开始就和期待有明显差距。请按顺序代入以下片段。","片段2：朋友试吃后没有立刻说话，只抬眼看你；你们都明白彼此有同样感受。请呈现这次无声对视时的表情。","苦涩型笑｜会意苦笑：利用共同失望和无需明说的默契，诱发同步苦笑。","illustrations/scene_011_disappointing_restaurant.png"
"期待已久的预约餐厅并不好吃：请想象你提前一个多月预约了一家评价很高的餐厅，还专门空出了晚上。你和朋友准时到店，环境看起来不错，但菜品从第一口开始就和期待有明显差距。请按顺序代入以下片段。","片段3：服务员走来询问“一切还合口味吗”，态度礼貌，并站在桌边等待回答。请呈现你给出保守回应时的表情。","社交型笑｜礼貌应付笑：利用直接服务询问和不愿制造冲突，诱发职业互动中的礼貌笑。","illustrations/scene_011_disappointing_restaurant.png"
"期待已久的预约餐厅并不好吃：请想象你提前一个多月预约了一家评价很高的餐厅，还专门空出了晚上。你和朋友准时到店，环境看起来不错，但菜品从第一口开始就和期待有明显差距。请按顺序代入以下片段。","片段4：你委婉提到菜有些凉，服务员表示可以重新加热。请呈现你感谢对方处理时的表情。","社交型笑｜缓和笑：利用提出不满后的关系修复，诱发克制、友好的笑。","illustrations/scene_011_disappointing_restaurant.png"
"期待已久的预约餐厅并不好吃：请想象你提前一个多月预约了一家评价很高的餐厅，还专门空出了晚上。你和朋友准时到店，环境看起来不错，但菜品从第一口开始就和期待有明显差距。请按顺序代入以下片段。","片段5：期待最高的招牌菜端上来后仍然不好吃，朋友小声说“看来不是第一道偶然失手”。请呈现你确认整顿饭都难以挽回时的表情。","苦涩型笑｜无奈苦笑：利用第二次失望终结侥幸，诱发明显无奈。","illustrations/scene_011_disappointing_restaurant.png"
"期待已久的预约餐厅并不好吃：请想象你提前一个多月预约了一家评价很高的餐厅，还专门空出了晚上。你和朋友准时到店，环境看起来不错，但菜品从第一口开始就和期待有明显差距。请按顺序代入以下片段。","片段6：邻桌客人大声称赞这道菜“果然名不虚传”，你和朋友再次对视。请呈现你对这种反差的反应。","讥讽型笑｜含蓄嗤笑：利用个人体验与夸张赞誉的反差，诱发轻微、克制的讥笑。","illustrations/scene_011_disappointing_restaurant.png"
"期待已久的预约餐厅并不好吃：请想象你提前一个多月预约了一家评价很高的餐厅，还专门空出了晚上。你和朋友准时到店，环境看起来不错，但菜品从第一口开始就和期待有明显差距。请按顺序代入以下片段。","片段7：结账时价格比预想更高，朋友看着账单说“至少我们终于知道为什么这么难订了——大家都想亲自确认一次”。请呈现你听懂这句反话时的表情。","讥讽型笑｜反讽笑：利用高价格、高声誉与低体验的落差，诱发共享的反讽笑。","illustrations/scene_011_disappointing_restaurant.png"
"向朋友讲述周末的快乐经历：请想象周一午休，你和一位熟悉的同事或朋友坐在安静的角落吃饭。对方知道你周末参加了期待已久的活动，主动问后来怎么样。请按顺序代入以下片段。","片段1：你从出发讲起，想起当天阳光很好、到达时一切都比预想顺利。请呈现你开始回忆并组织语言时的表情。","愉悦型笑｜回忆微笑：利用积极自传式回忆，诱发自然、低强度的笑。","illustrations/scene_012_weekend_story.png"
"向朋友讲述周末的快乐经历：请想象周一午休，你和一位熟悉的同事或朋友坐在安静的角落吃饭。对方知道你周末参加了期待已久的活动，主动问后来怎么样。请按顺序代入以下片段。","片段2：你讲到现场最有趣的一幕，边说边模仿当时同行朋友的反应。请呈现讲述逐渐投入时的表情。","愉悦型笑｜爽朗笑：利用重新体验有趣事件和动作模仿，诱发外显、共享的笑。","illustrations/scene_012_weekend_story.png"
"向朋友讲述周末的快乐经历：请想象周一午休，你和一位熟悉的同事或朋友坐在安静的角落吃饭。对方知道你周末参加了期待已久的活动，主动问后来怎么样。请按顺序代入以下片段。","片段3：对方听得很认真，不时追问细节，还说“早知道我也去了”。请呈现你发现对方真正感兴趣时的表情。","温柔型笑｜亲近暖笑：利用被认真倾听和兴趣回应，诱发亲近、温暖的笑。","illustrations/scene_012_weekend_story.png"
"向朋友讲述周末的快乐经历：请想象周一午休，你和一位熟悉的同事或朋友坐在安静的角落吃饭。对方知道你周末参加了期待已久的活动，主动问后来怎么样。请按顺序代入以下片段。","片段4：你说到最好笑的结果前故意停下，喝了一口水，看着对方等待他催你继续。请呈现这个短暂停顿时的表情。","狡黠型笑｜卖关子的坏笑：利用掌握故事结局并故意延迟，诱发调皮、意味深长的笑。","illustrations/scene_012_weekend_story.png"
"向朋友讲述周末的快乐经历：请想象周一午休，你和一位熟悉的同事或朋友坐在安静的角落吃饭。对方知道你周末参加了期待已久的活动，主动问后来怎么样。请按顺序代入以下片段。","片段5：旁边不太熟的同事听到笑声看过来，你简短解释“周末出了点好玩的事”。请呈现你回应旁人注意时的表情。","社交型笑｜礼貌分享笑：利用第三人加入和保持友好，诱发社交性笑。","illustrations/scene_012_weekend_story.png"
"向朋友讲述周末的快乐经历：请想象周一午休，你和一位熟悉的同事或朋友坐在安静的角落吃饭。对方知道你周末参加了期待已久的活动，主动问后来怎么样。请按顺序代入以下片段。","片段6：讲完后你翻出当天的一张照片，两个人又对着照片回顾了一遍。请呈现你再次看到画面时的表情。","愉悦型笑｜满足笑：利用具体照片重新激活快乐记忆，诱发稳定愉悦。","illustrations/scene_012_weekend_story.png"
"出门没带伞却突然下雨：请想象你出门时天气预报只说多云，因此没有带伞。傍晚离目的地还有十分钟路程时，雨点突然变密，很快变成大雨，附近只有一个狭窄屋檐可以暂时躲避。请按顺序代入以下片段。","片段1：第一阵雨落下来时，你摸了摸包，确认自己确实没有伞。请呈现看向天空和包里的表情。","苦涩型笑｜无奈笑：利用遗漏准备和天气突变，诱发轻度无奈笑。","illustrations/scene_013_sudden_rain.png"
"出门没带伞却突然下雨：请想象你出门时天气预报只说多云，因此没有带伞。傍晚离目的地还有十分钟路程时，雨点突然变密，很快变成大雨，附近只有一个狭窄屋檐可以暂时躲避。请按顺序代入以下片段。","片段2：你刚跑到屋檐下，鞋和裤脚已经湿了；手机上显示降雨还会持续很久。请呈现你看完预报时的表情。","苦涩型笑｜苦笑：利用已经受影响且短期无法改善，诱发带失落的苦笑。","illustrations/scene_013_sudden_rain.png"
"出门没带伞却突然下雨：请想象你出门时天气预报只说多云，因此没有带伞。傍晚离目的地还有十分钟路程时，雨点突然变密，很快变成大雨，附近只有一个狭窄屋檐可以暂时躲避。请按顺序代入以下片段。","片段3：另一位没带伞的陌生人也挤进屋檐，喘着气说“看来我们都太相信天气预报了”。请呈现你回应共同处境时的表情。","社交型笑｜共情礼貌笑：利用陌生人共享小麻烦，诱发短暂、缓和气氛的笑。","illustrations/scene_013_sudden_rain.png"
"出门没带伞却突然下雨：请想象你出门时天气预报只说多云，因此没有带伞。傍晚离目的地还有十分钟路程时，雨点突然变密，很快变成大雨，附近只有一个狭窄屋檐可以暂时躲避。请按顺序代入以下片段。","片段4：一辆车经过水坑，把你刚刚还算干的另一边裤脚也溅湿。请呈现你低头确认全身都湿得差不多时的表情。","失控型笑｜荒谬爆笑：利用坏运气继续叠加形成的荒诞感，诱发突然笑出声。","illustrations/scene_013_sudden_rain.png"
"出门没带伞却突然下雨：请想象你出门时天气预报只说多云，因此没有带伞。傍晚离目的地还有十分钟路程时，雨点突然变密，很快变成大雨，附近只有一个狭窄屋檐可以暂时躲避。请按顺序代入以下片段。","片段5：你发消息告诉朋友可能迟到，对方回复“我带伞过去接你，先别乱跑”。请呈现看到回复时的表情。","温柔型笑｜被照顾的暖笑：利用具体援助和被惦记感，诱发温暖、放松的笑。","illustrations/scene_013_sudden_rain.png"
"出门没带伞却突然下雨：请想象你出门时天气预报只说多云，因此没有带伞。傍晚离目的地还有十分钟路程时，雨点突然变密，很快变成大雨，附近只有一个狭窄屋檐可以暂时躲避。请按顺序代入以下片段。","片段6：朋友撑着伞从街角出现，还远远朝你挥手。请呈现你确认救援真的到了时的表情。","愉悦型笑｜释然开心笑：利用困境解除和熟人出现，诱发明显的释然笑。","illustrations/scene_013_sudden_rain.png"
"出门没带伞却突然下雨：请想象你出门时天气预报只说多云，因此没有带伞。傍晚离目的地还有十分钟路程时，雨点突然变密，很快变成大雨，附近只有一个狭窄屋檐可以暂时躲避。请按顺序代入以下片段。","片段7：两个人挤在一把不够大的伞下往回走，朋友看着你湿透的样子忍不住笑，你低头也看见自己十分狼狈。请呈现被感染后一起笑的表情。","苦涩型笑｜自嘲笑：利用安全后的狼狈回顾，诱发无奈但放松的自嘲笑。","illustrations/scene_013_sudden_rain.png"
"电视剧迎来圆满结局：请想象你独自追了一部很久的电视剧，主角经历多次误会和分离，最后一集前仍让人担心。你在熟悉、安静的房间里看到结局，故事最终以圆满方式收束。请按顺序代入以下片段。","片段1：最后几分钟里，两个一直错过的人终于在人群中看见彼此，但还没有说话。请呈现你意识到他们可能会重逢时的表情。","愉悦型笑｜期待微笑：利用长期叙事积累和结局将揭晓，诱发持续期待。","illustrations/scene_014_happy_ending.png"
"电视剧迎来圆满结局：请想象你独自追了一部很久的电视剧，主角经历多次误会和分离，最后一集前仍让人担心。你在熟悉、安静的房间里看到结局，故事最终以圆满方式收束。请按顺序代入以下片段。","片段2：其中一人说出只有他们懂的那句话，确认误会已经解开。请呈现你确认故事走向圆满时的表情。","愉悦型笑｜释然笑：利用长期悬念解除，诱发明显放松的笑。","illustrations/scene_014_happy_ending.png"
"电视剧迎来圆满结局：请想象你独自追了一部很久的电视剧，主角经历多次误会和分离，最后一集前仍让人担心。你在熟悉、安静的房间里看到结局，故事最终以圆满方式收束。请按顺序代入以下片段。","片段3：画面展示其他角色也各自获得了合适的归宿。请呈现你连续看到这些收束时的表情。","温柔型笑｜欣慰暖笑：利用角色关系得到照顾和满足，诱发柔和、欣慰的笑。","illustrations/scene_014_happy_ending.png"
"电视剧迎来圆满结局：请想象你独自追了一部很久的电视剧，主角经历多次误会和分离，最后一集前仍让人担心。你在熟悉、安静的房间里看到结局，故事最终以圆满方式收束。请按顺序代入以下片段。","片段4：片尾回放第一集出现过的场景，与现在形成完整呼应。请呈现你发现这个细节时的表情。","愉悦型笑｜满足笑：利用伏笔回收和结构完整感，诱发满足微笑。","illustrations/scene_014_happy_ending.png"
"电视剧迎来圆满结局：请想象你独自追了一部很久的电视剧，主角经历多次误会和分离，最后一集前仍让人担心。你在熟悉、安静的房间里看到结局，故事最终以圆满方式收束。请按顺序代入以下片段。","片段5：一位平时严肃的配角在婚礼上突然做出笨拙但真诚的祝福动作。请呈现你被意外轻松情节击中时的表情。","失控型笑｜突然爆笑：利用紧张结束后的反差笑点，诱发快速爆发的笑。","illustrations/scene_014_happy_ending.png"
"电视剧迎来圆满结局：请想象你独自追了一部很久的电视剧，主角经历多次误会和分离，最后一集前仍让人担心。你在熟悉、安静的房间里看到结局，故事最终以圆满方式收束。请按顺序代入以下片段。","片段6：字幕结束后，你看到主创留下简短致谢，意识到陪伴自己很久的故事真的结束了。请呈现开心又舍不得关闭画面的表情。","温柔型笑｜留恋甜笑：利用圆满与告别并存，诱发温柔、略带不舍的笑。","illustrations/scene_014_happy_ending.png"
"和自己的宠物一起玩：请想象一个不用赶时间的晚上，你回到家，平时与你亲近的宠物已经在门口等你。它精力很好，主动把最喜欢的玩具带到你面前。请按顺序代入以下片段。","片段1：宠物看见你进门后立刻靠近，反复围着你转，并把玩具放到你脚边。请呈现你低头回应它时的表情。","温柔型笑｜宠溺笑：利用熟悉宠物主动迎接和依恋行为，诱发宠溺、亲近的笑。","illustrations/scene_015_pet_play.png"
"和自己的宠物一起玩：请想象一个不用赶时间的晚上，你回到家，平时与你亲近的宠物已经在门口等你。它精力很好，主动把最喜欢的玩具带到你面前。请按顺序代入以下片段。","片段2：你把玩具扔出去，它跑得太急，转弯时脚下一滑，但马上若无其事地继续追。请呈现你看到这一连串动作时的表情。","愉悦型笑｜开心大笑：利用无害、意外的滑稽动作，诱发自然大笑。","illustrations/scene_015_pet_play.png"
"和自己的宠物一起玩：请想象一个不用赶时间的晚上，你回到家，平时与你亲近的宠物已经在门口等你。它精力很好，主动把最喜欢的玩具带到你面前。请按顺序代入以下片段。","片段3：它把玩具叼回来，却故意在你伸手时往后退一步，像在邀请你追它。请呈现你识破这个小游戏时的表情。","愉悦型笑｜调皮共享笑：利用宠物的互动策略和共同游戏，诱发轻快笑容。","illustrations/scene_015_pet_play.png"
"和自己的宠物一起玩：请想象一个不用赶时间的晚上，你回到家，平时与你亲近的宠物已经在门口等你。它精力很好，主动把最喜欢的玩具带到你面前。请按顺序代入以下片段。","片段4：你假装不再理它，它立刻把头靠到你膝盖上，安静地抬眼看你。请呈现你无法继续装作冷淡时的表情。","温柔型笑｜心软暖笑：利用依恋和低强度撒娇，诱发柔和、心软的笑。","illustrations/scene_015_pet_play.png"
"和自己的宠物一起玩：请想象一个不用赶时间的晚上，你回到家，平时与你亲近的宠物已经在门口等你。它精力很好，主动把最喜欢的玩具带到你面前。请按顺序代入以下片段。","片段5：你刚拿出零食，它瞬间坐得非常端正，表现得像刚才从未捣乱。请呈现你看见这种反差时的表情。","愉悦型笑｜爽朗笑：利用行为反差和拟人化理解，诱发明显笑容。","illustrations/scene_015_pet_play.png"
"和自己的宠物一起玩：请想象一个不用赶时间的晚上，你回到家，平时与你亲近的宠物已经在门口等你。它精力很好，主动把最喜欢的玩具带到你面前。请按顺序代入以下片段。","片段6：宠物连续做错同一个简单动作，自己却越来越兴奋；你想认真纠正，但每次都被它的样子打断。请呈现几次以后难以忍住的表情。","失控型笑｜抑制失败笑：利用重复错误与高兴奋状态，诱发反复破功的笑。","illustrations/scene_015_pet_play.png"
"和自己的宠物一起玩：请想象一个不用赶时间的晚上，你回到家，平时与你亲近的宠物已经在门口等你。它精力很好，主动把最喜欢的玩具带到你面前。请按顺序代入以下片段。","片段7：玩累后，它挨着你很快睡着，爪子还压在玩具上。请呈现你安静看着它时的表情。","温柔型笑｜慈爱笑：利用放松后的信任和陪伴，诱发安静、持久的温柔笑。","illustrations/scene_015_pet_play.png"
"和喜欢的小朋友玩耍：请想象你在亲友家中陪一个平时很喜欢、也熟悉你的四到六岁小朋友玩积木。孩子对你很信任，表达直接，不需要你承担真实的照护风险。请按顺序代入以下片段。","片段1：小朋友看见你后马上跑过来，把刚搭到一半的作品拉给你看，认真问你像不像城堡。请呈现你蹲下来观察时的表情。","温柔型笑｜鼓励暖笑：利用孩子寻求认可和分享成果，诱发支持性的笑。","illustrations/scene_016_child_play.png"
"和喜欢的小朋友玩耍：请想象你在亲友家中陪一个平时很喜欢、也熟悉你的四到六岁小朋友玩积木。孩子对你很信任，表达直接，不需要你承担真实的照护风险。请按顺序代入以下片段。","片段2：他把一块积木递给你，坚持要你坐在他指定的位置一起搭。请呈现你接受邀请时的表情。","温柔型笑｜亲近笑：利用直接的陪伴邀请和信任，诱发亲近、柔和的笑。","illustrations/scene_016_child_play.png"
"和喜欢的小朋友玩耍：请想象你在亲友家中陪一个平时很喜欢、也熟悉你的四到六岁小朋友玩积木。孩子对你很信任，表达直接，不需要你承担真实的照护风险。请按顺序代入以下片段。","片段3：你故意把一块放错，他马上像小老师一样纠正你，还认真示范正确方法。请呈现你听他讲解时的表情。","愉悦型笑｜开心笑：利用角色反转和孩子的认真，诱发自然愉悦。","illustrations/scene_016_child_play.png"
"和喜欢的小朋友玩耍：请想象你在亲友家中陪一个平时很喜欢、也熟悉你的四到六岁小朋友玩积木。孩子对你很信任，表达直接，不需要你承担真实的照护风险。请按顺序代入以下片段。","片段4：家人叫他去洗手，他抱住你的手臂，小声说“再陪我五分钟嘛”。请呈现面对撒娇、又需要遵守安排时的表情。","温柔型笑｜宠溺笑：利用低风险撒娇和依恋，诱发宠溺、略带为难的笑。","illustrations/scene_016_child_play.png"
"和喜欢的小朋友玩耍：请想象你在亲友家中陪一个平时很喜欢、也熟悉你的四到六岁小朋友玩积木。孩子对你很信任，表达直接，不需要你承担真实的照护风险。请按顺序代入以下片段。","片段5：你说等洗完手再继续，他仍不松手，抬头确认“你真的不会走吗”。请呈现你安抚他时的表情。","温柔型笑｜慈爱笑：利用孩子对分离的轻度担心和安抚需要，诱发照顾式笑。","illustrations/scene_016_child_play.png"
"和喜欢的小朋友玩耍：请想象你在亲友家中陪一个平时很喜欢、也熟悉你的四到六岁小朋友玩积木。孩子对你很信任，表达直接，不需要你承担真实的照护风险。请按顺序代入以下片段。","片段6：家人看见这一幕，笑着说“他今天只听你的”，并等待你回应。请呈现你在其他成人面前回应时的表情。","社交型笑｜不好意思的礼貌笑：利用被公开指出亲近关系，诱发带腼腆的社交笑。","illustrations/scene_016_child_play.png"
"别人做出让你讨厌的事情：请想象一次小组合作中，有位成员平时很少承担任务，却在公开汇报时反复打断别人、把团队成果说成主要由自己完成。情境为虚构角色扮演，不对应现实中特定个人。请按顺序代入以下片段。","片段1：他第一次抢在你前面回答问题，还说“这部分我最熟”。你知道材料其实是另一位同事完成的。请呈现你继续听他说时的表情。","讥讽型笑｜轻蔑冷笑：利用实际贡献与自我宣称的落差，诱发克制的轻蔑笑。","illustrations/scene_017_annoying_behavior.png"
"别人做出让你讨厌的事情：请想象一次小组合作中，有位成员平时很少承担任务，却在公开汇报时反复打断别人、把团队成果说成主要由自己完成。情境为虚构角色扮演，不对应现实中特定个人。请按顺序代入以下片段。","片段2：主持人称赞团队准备充分，他立即接话说“我一直要求大家按我的标准做”。请呈现你听到这句归功于自己的说法时的表情。","讥讽型笑｜嗤笑：利用明显抢功和自我拔高，诱发短促的否定性笑。","illustrations/scene_017_annoying_behavior.png"
"别人做出让你讨厌的事情：请想象一次小组合作中，有位成员平时很少承担任务，却在公开汇报时反复打断别人、把团队成果说成主要由自己完成。情境为虚构角色扮演，不对应现实中特定个人。请按顺序代入以下片段。","片段3：轮到你发言时，他又低声提醒你“别讲太细，大家未必听得懂”，语气像是在指导你。请呈现你转头看向他的表情。","讥讽型笑｜不屑一笑：利用无根据的优越姿态，诱发不屑笑。","illustrations/scene_017_annoying_behavior.png"
"别人做出让你讨厌的事情：请想象一次小组合作中，有位成员平时很少承担任务，却在公开汇报时反复打断别人、把团队成果说成主要由自己完成。情境为虚构角色扮演，不对应现实中特定个人。请按顺序代入以下片段。","片段4：汇报中出现他负责部分的错误，他马上说“这个细节应该是别人后来改过”。请呈现你听到他推卸责任时的表情。","讥讽型笑｜讥笑：利用抢功与推责的双重标准，诱发带嘲弄的笑。","illustrations/scene_017_annoying_behavior.png"
"别人做出让你讨厌的事情：请想象一次小组合作中，有位成员平时很少承担任务，却在公开汇报时反复打断别人、把团队成果说成主要由自己完成。情境为虚构角色扮演，不对应现实中特定个人。请按顺序代入以下片段。","片段5：会议还没有结束，你需要保持合作，不能直接在所有人面前与他争执。请呈现你礼貌补充事实、把话题拉回任务时的表情。","社交型笑｜压抑性职业笑：利用专业规范和冲突抑制，诱发礼貌但不真实愉悦的笑。","illustrations/scene_017_annoying_behavior.png"
"别人做出让你讨厌的事情：请想象一次小组合作中，有位成员平时很少承担任务，却在公开汇报时反复打断别人、把团队成果说成主要由自己完成。情境为虚构角色扮演，不对应现实中特定个人。请按顺序代入以下片段。","片段6：散会后他对你说“今天配合得不错”，仿佛刚才没有发生任何问题。请呈现你听到这句评价时的表情。","讥讽型笑｜冷笑：利用行为与自我评价的不一致，诱发疏离、克制的冷笑。","illustrations/scene_017_annoying_behavior.png"
"别人做出让你讨厌的事情：请想象一次小组合作中，有位成员平时很少承担任务，却在公开汇报时反复打断别人、把团队成果说成主要由自己完成。情境为虚构角色扮演，不对应现实中特定个人。请按顺序代入以下片段。","片段7：你回到座位，想到还要继续与他合作一段时间。请呈现你接受这个现实安排时的表情。","苦涩型笑｜无奈苦笑：利用对未来合作缺乏选择，诱发疲惫、无奈的笑。","illustrations/scene_017_annoying_behavior.png"
"进行无害的恶作剧：请想象你为一位关系很好、能接受轻松玩笑的朋友准备生日礼物。你把真正礼物藏在冰箱里，桌上只放一个套了很多层盒子的假礼物，每层都有下一步提示。请按顺序代入以下片段。","片段1：朋友到来前，你和同伴最后检查盒子顺序，并商量谁负责装作什么都不知道。请呈现计划即将开始时的表情。","狡黠型笑｜算计式坏笑：利用无害计划和共同秘密，诱发调皮、计划性的笑。","illustrations/scene_018_harmless_prank.png"
"进行无害的恶作剧：请想象你为一位关系很好、能接受轻松玩笑的朋友准备生日礼物。你把真正礼物藏在冰箱里，桌上只放一个套了很多层盒子的假礼物，每层都有下一步提示。请按顺序代入以下片段。","片段2：朋友看到桌上的大盒子，问“你们今天怎么这么安静”，你需要自然地把话题转开。请呈现你装作若无其事时的表情。","狡黠型笑｜隐藏意图的笑：利用知情与伪装的冲突，诱发难以完全压住的坏笑。","illustrations/scene_018_harmless_prank.png"
"进行无害的恶作剧：请想象你为一位关系很好、能接受轻松玩笑的朋友准备生日礼物。你把真正礼物藏在冰箱里，桌上只放一个套了很多层盒子的假礼物，每层都有下一步提示。请按顺序代入以下片段。","片段3：朋友拆开第一层，发现里面还有一层，并抬头怀疑地看你。请呈现你与他对视时的表情。","狡黠型笑｜意味深长的笑：利用对方开始察觉但尚未知道结局，诱发信息不对称的笑。","illustrations/scene_018_harmless_prank.png"
"进行无害的恶作剧：请想象你为一位关系很好、能接受轻松玩笑的朋友准备生日礼物。你把真正礼物藏在冰箱里，桌上只放一个套了很多层盒子的假礼物，每层都有下一步提示。请按顺序代入以下片段。","片段4：朋友拆到第三层后故意停下，说“我已经知道是谁想的了”。请呈现你被怀疑但还不承认时的表情。","狡黠型笑｜窃笑：利用身份接近暴露和同伴默契，诱发压低、偷乐式笑。","illustrations/scene_018_harmless_prank.png"
"进行无害的恶作剧：请想象你为一位关系很好、能接受轻松玩笑的朋友准备生日礼物。你把真正礼物藏在冰箱里，桌上只放一个套了很多层盒子的假礼物，每层都有下一步提示。请按顺序代入以下片段。","片段5：最后一层只有一张纸，写着“真正的礼物在你最常找吃的地方”。请呈现你等待他理解提示时的表情。","狡黠型笑｜揭晓前坏笑：利用结局即将被发现，诱发得意、期待的坏笑。","illustrations/scene_018_harmless_prank.png"
"进行无害的恶作剧：请想象你为一位关系很好、能接受轻松玩笑的朋友准备生日礼物。你把真正礼物藏在冰箱里，桌上只放一个套了很多层盒子的假礼物，每层都有下一步提示。请按顺序代入以下片段。","片段6：朋友打开冰箱看到真正礼物，先愣住，然后笑着说“你们也太麻烦了”。请呈现你确认他喜欢这个安排时的表情。","愉悦型笑｜共享开心笑：利用恶作剧安全落地和真实礼物揭晓，诱发真心笑。","illustrations/scene_018_harmless_prank.png"
"进行无害的恶作剧：请想象你为一位关系很好、能接受轻松玩笑的朋友准备生日礼物。你把真正礼物藏在冰箱里，桌上只放一个套了很多层盒子的假礼物，每层都有下一步提示。请按顺序代入以下片段。","片段7：朋友开始模仿自己刚才每一次上当的样子，屋里其他人也跟着笑。请呈现你想解释却连续被逗笑的表情。","失控型笑｜感染性爆笑：利用群体笑声和重复模仿，诱发难以停止的笑。","illustrations/scene_018_harmless_prank.png"
"聚会上与陌生人交谈：请想象你参加一位朋友组织的小型聚会。现场大多数人彼此认识，你只认识主人。一位态度友好的陌生人拿着饮料走过来，在不拥挤的角落主动与你聊天。请按顺序代入以下片段。","片段1：对方先自我介绍，并问你是怎样认识聚会主人的。请呈现你回应普通寒暄时的表情。","社交型笑｜礼貌笑：利用安全的共同联系人话题，诱发礼节性笑。","illustrations/scene_019_party_stranger.png"
"聚会上与陌生人交谈：请想象你参加一位朋友组织的小型聚会。现场大多数人彼此认识，你只认识主人。一位态度友好的陌生人拿着饮料走过来，在不拥挤的角落主动与你聊天。请按顺序代入以下片段。","片段2：对方问你来自哪里，并分享自己曾去过附近城市的经历。请呈现你继续交流、表示在听时的表情。","社交型笑｜维持性社交笑：利用低风险个人信息交换，诱发持续、友好的笑。","illustrations/scene_019_party_stranger.png"
"聚会上与陌生人交谈：请想象你参加一位朋友组织的小型聚会。现场大多数人彼此认识，你只认识主人。一位态度友好的陌生人拿着饮料走过来，在不拥挤的角落主动与你聊天。请按顺序代入以下片段。","片段3：对方记错了你的名字，叫完以后自己马上察觉并道歉。请呈现你表示没有关系时的表情。","社交型笑｜缓和笑：利用轻微失误和关系修复，诱发安抚性笑。","illustrations/scene_019_party_stranger.png"
"聚会上与陌生人交谈：请想象你参加一位朋友组织的小型聚会。现场大多数人彼此认识，你只认识主人。一位态度友好的陌生人拿着饮料走过来，在不拥挤的角落主动与你聊天。请按顺序代入以下片段。","片段4：主人从远处看见你们聊得不错，朝你夸张地挑眉。请呈现你注意到这个动作、又不想让陌生人误会时的表情。","羞涩型笑｜腼腆笑：利用第三人的善意暗示和被观察感，诱发克制笑。","illustrations/scene_019_party_stranger.png"
"聚会上与陌生人交谈：请想象你参加一位朋友组织的小型聚会。现场大多数人彼此认识，你只认识主人。一位态度友好的陌生人拿着饮料走过来，在不拥挤的角落主动与你聊天。请按顺序代入以下片段。","片段5：短暂冷场后，对方笑着说“我们是不是把最安全的话题都聊完了”。请呈现你回应这次共同承认冷场的表情。","羞涩型笑｜尴尬笑：利用双方都意识到停顿，诱发缓解气氛的尴尬笑。","illustrations/scene_019_party_stranger.png"
"聚会上与陌生人交谈：请想象你参加一位朋友组织的小型聚会。现场大多数人彼此认识，你只认识主人。一位态度友好的陌生人拿着饮料走过来，在不拥挤的角落主动与你聊天。请按顺序代入以下片段。","片段6：后来你们发现都喜欢同一部冷门作品，对方马上说出一个只有爱好者才懂的细节。请呈现你发现真正共同兴趣时的表情。","愉悦型笑｜共鸣开心笑：利用从客套到真实共同兴趣的转变，诱发自然愉悦。","illustrations/scene_019_party_stranger.png"
"第一次与互有好感的人单独见面：请想象你和一位已经聊过几次、彼此都有好感的人第一次单独在咖啡店见面。环境安静，谈话总体顺利，但双方都知道这次见面比普通朋友更特别。请按顺序代入以下片段。","片段1：对方比约定时间早到，看到你进门后马上站起来，说“我刚才还在想第一句话该说什么”。请呈现你落座时的表情。","羞涩型笑｜紧张腼腆笑：利用双方承认紧张和关系期待，诱发克制笑。","illustrations/scene_020_first_date.png"
"第一次与互有好感的人单独见面：请想象你和一位已经聊过几次、彼此都有好感的人第一次单独在咖啡店见面。环境安静，谈话总体顺利，但双方都知道这次见面比普通朋友更特别。请按顺序代入以下片段。","片段2：聊天中对方记得你很久以前随口提过的饮料偏好，并已经替你确认店里有。请呈现你意识到这件小事被记住时的表情。","温柔型笑｜被在意的甜笑：利用细节被记住和体贴，诱发亲近、温柔的笑。","illustrations/scene_020_first_date.png"
"第一次与互有好感的人单独见面：请想象你和一位已经聊过几次、彼此都有好感的人第一次单独在咖啡店见面。环境安静，谈话总体顺利，但双方都知道这次见面比普通朋友更特别。请按顺序代入以下片段。","片段3：对方认真说“你本人比聊天时更容易让人放松”，说完也有些不好意思。请呈现你听到这句直接好感表达时的表情。","羞涩型笑｜抿嘴笑：利用直接赞美和目光关注，诱发闭唇、回避式笑。","illustrations/scene_020_first_date.png"
"第一次与互有好感的人单独见面：请想象你和一位已经聊过几次、彼此都有好感的人第一次单独在咖啡店见面。环境安静，谈话总体顺利，但双方都知道这次见面比普通朋友更特别。请按顺序代入以下片段。","片段4：你们同时伸手去拿桌上的纸巾，手碰到一起，又同时缩回。请呈现这个短暂意外后的表情。","羞涩型笑｜尴尬甜笑：利用轻微身体接触和同步反应，诱发害羞与愉悦混合的笑。","illustrations/scene_020_first_date.png"
"第一次与互有好感的人单独见面：请想象你和一位已经聊过几次、彼此都有好感的人第一次单独在咖啡店见面。环境安静，谈话总体顺利，但双方都知道这次见面比普通朋友更特别。请按顺序代入以下片段。","片段5：对方谈到最近压力很大，随后说“不过今天见到你以后好很多”。请呈现你回应这种信任时的表情。","温柔型笑｜关怀暖笑：利用情绪自我披露和关系信任，诱发关怀性笑。","illustrations/scene_020_first_date.png"
"第一次与互有好感的人单独见面：请想象你和一位已经聊过几次、彼此都有好感的人第一次单独在咖啡店见面。环境安静，谈话总体顺利，但双方都知道这次见面比普通朋友更特别。请按顺序代入以下片段。","片段6：准备离开时，对方问下周是否愿意再去另一家店。请呈现你确认这次见面会有下一次时的表情。","愉悦型笑｜期待开心笑：利用关系得到积极延续，诱发自然、明亮的笑。","illustrations/scene_020_first_date.png"
"隐藏身份桌游：请想象你和熟悉的朋友玩一局没有金钱利益的隐藏身份桌游。你抽到需要隐瞒身份的角色，规则允许误导和推理，所有人都把对抗视为游戏。请按顺序代入以下片段。","片段1：你看完自己的身份牌，知道接下来必须表现得和平时一样。请呈现你把牌扣回桌面时的表情。","狡黠型笑｜隐藏意图的笑：利用秘密角色和自我控制，诱发含蓄、难以解读的笑。","illustrations/scene_021_hidden_role_game.png"
"隐藏身份桌游：请想象你和熟悉的朋友玩一局没有金钱利益的隐藏身份桌游。你抽到需要隐瞒身份的角色，规则允许误导和推理，所有人都把对抗视为游戏。请按顺序代入以下片段。","片段2：一位朋友立刻盯着你说“你刚才看牌的时候表情不对”。请呈现你否认并反问他时的表情。","狡黠型笑｜应对试探的坏笑：利用秘密被试探和反向误导，诱发机敏、调皮的笑。","illustrations/scene_021_hidden_role_game.png"
"隐藏身份桌游：请想象你和熟悉的朋友玩一局没有金钱利益的隐藏身份桌游。你抽到需要隐瞒身份的角色，规则允许误导和推理，所有人都把对抗视为游戏。请按顺序代入以下片段。","片段3：你成功把讨论方向引到另一位玩家身上，对方开始认真为自己辩解。请呈现你保持旁观时的表情。","狡黠型笑｜算计式笑：利用策略暂时奏效，诱发克制的得意笑。","illustrations/scene_021_hidden_role_game.png"
"隐藏身份桌游：请想象你和熟悉的朋友玩一局没有金钱利益的隐藏身份桌游。你抽到需要隐瞒身份的角色，规则允许误导和推理，所有人都把对抗视为游戏。请按顺序代入以下片段。","片段4：同阵营玩家不小心说出一句接近真相的话，你们迅速对视，又马上移开目光。请呈现这次短暂交流时的表情。","狡黠型笑｜会意窃笑：利用共同秘密和差点暴露，诱发短促窃笑。","illustrations/scene_021_hidden_role_game.png"
"隐藏身份桌游：请想象你和熟悉的朋友玩一局没有金钱利益的隐藏身份桌游。你抽到需要隐瞒身份的角色，规则允许误导和推理，所有人都把对抗视为游戏。请按顺序代入以下片段。","片段5：一位平时很会推理的朋友认真总结了很长一段，却得出完全错误的结论。你需要礼貌表示“也有可能”。请呈现回应时的表情。","社交型笑｜游戏中的配合笑：利用不戳破错误推理和维持游戏氛围，诱发受控笑。","illustrations/scene_021_hidden_role_game.png"
"隐藏身份桌游：请想象你和熟悉的朋友玩一局没有金钱利益的隐藏身份桌游。你抽到需要隐瞒身份的角色，规则允许误导和推理，所有人都把对抗视为游戏。请按顺序代入以下片段。","片段6：身份揭晓时，大家发现你从第一轮就在误导他们。请呈现秘密终于可以公开时的表情。","愉悦型笑｜得意开心笑：利用策略成功和安全揭晓，诱发外显愉悦。","illustrations/scene_021_hidden_role_game.png"
"隐藏身份桌游：请想象你和熟悉的朋友玩一局没有金钱利益的隐藏身份桌游。你抽到需要隐瞒身份的角色，规则允许误导和推理，所有人都把对抗视为游戏。请按顺序代入以下片段。","片段7：朋友把你刚才每一句可疑发言重新串起来，越复盘越觉得荒唐，所有人笑成一团。请呈现你解释时不断被打断的表情。","失控型笑｜群体爆笑：利用事后复盘和笑声感染，诱发难以控制的大笑。","illustrations/scene_021_hidden_role_game.png"
"观看并复述喜剧花絮：请想象你和熟悉的朋友一起看一段不包含羞辱或群体攻击的拍摄花絮。演员要说一句很简单的严肃台词，却连续因为口误、道具和彼此笑场而失败。请按顺序代入以下片段。","片段1：演员第一次把关键词说反，自己马上发现，却努力保持严肃继续演。请呈现你刚意识到口误时的表情。","愉悦型笑｜轻松笑：利用清晰、无害的小失误，诱发自然愉悦。","illustrations/scene_022_comedy_bloopers.png"
"观看并复述喜剧花絮：请想象你和熟悉的朋友一起看一段不包含羞辱或群体攻击的拍摄花絮。演员要说一句很简单的严肃台词，却连续因为口误、道具和彼此笑场而失败。请按顺序代入以下片段。","片段2：导演让他重来，演员刚说“这次一定不会错”就再次说反。请呈现承诺与立即失败形成反差时的表情。","失控型笑｜突然爆笑：利用快速反转，诱发爆发性大笑。","illustrations/scene_022_comedy_bloopers.png"
"观看并复述喜剧花絮：请想象你和熟悉的朋友一起看一段不包含羞辱或群体攻击的拍摄花絮。演员要说一句很简单的严肃台词，却连续因为口误、道具和彼此笑场而失败。请按顺序代入以下片段。","片段3：演员自己先笑到说不出话，旁边搭戏的人也被感染。请呈现你听到连续笑声时的表情。","失控型笑｜感染性大笑：利用他人真实笑声的传染，诱发持续大笑。","illustrations/scene_022_comedy_bloopers.png"
"观看并复述喜剧花絮：请想象你和熟悉的朋友一起看一段不包含羞辱或群体攻击的拍摄花絮。演员要说一句很简单的严肃台词，却连续因为口误、道具和彼此笑场而失败。请按顺序代入以下片段。","片段4：第三次重拍时，所有人都努力严肃，现场越安静越像随时会再次破功。请呈现你开始预期下一次笑场时的表情。","失控型笑｜期待性爆笑：利用对重复笑点的预期，诱发尚未发生就难抑制的笑。","illustrations/scene_022_comedy_bloopers.png"
"观看并复述喜剧花絮：请想象你和熟悉的朋友一起看一段不包含羞辱或群体攻击的拍摄花絮。演员要说一句很简单的严肃台词，却连续因为口误、道具和彼此笑场而失败。请按顺序代入以下片段。","片段5：朋友按下暂停，要求你用严肃语气解释刚才到底哪里好笑。请呈现你试图回答但仍残留笑意时的表情。","失控型笑｜抑制失败笑：利用明确控制要求与残余高唤醒冲突，诱发反复破功。","illustrations/scene_022_comedy_bloopers.png"
"观看并复述喜剧花絮：请想象你和熟悉的朋友一起看一段不包含羞辱或群体攻击的拍摄花絮。演员要说一句很简单的严肃台词，却连续因为口误、道具和彼此笑场而失败。请按顺序代入以下片段。","片段6：你刚勉强恢复平静，朋友模仿演员的错误发音。请呈现笑点被突然重新激活时的表情。","失控型笑｜二次爆笑：利用即时重现和熟人模仿，诱发再次爆发。","illustrations/scene_022_comedy_bloopers.png"
"观看并复述喜剧花絮：请想象你和熟悉的朋友一起看一段不包含羞辱或群体攻击的拍摄花絮。演员要说一句很简单的严肃台词，却连续因为口误、道具和彼此笑场而失败。请按顺序代入以下片段。","片段7：视频继续播放，最后一次演员终于说对，却因为道具在背景里慢慢倒下而全员再次笑场。请呈现意外新笑点出现时的表情。","失控型笑｜连续爆笑：利用成功在即又被新事件打断，诱发高强度连续笑。","illustrations/scene_022_comedy_bloopers.png"
"观看并复述喜剧花絮：请想象你和熟悉的朋友一起看一段不包含羞辱或群体攻击的拍摄花絮。演员要说一句很简单的严肃台词，却连续因为口误、道具和彼此笑场而失败。请按顺序代入以下片段。","片段8：视频结束后房间安静下来，你和朋友只要一对视就又想起刚才的发音。请呈现笑声已经停下但仍会反复出现的表情。","社交型笑｜共享余波笑：利用共同记忆和目光互动，诱发低强度、反复的共享笑。","illustrations/scene_022_comedy_bloopers.png"
"团队项目失败后的收尾：请想象你和几位关系不错的同事准备了数周的提案，最终没有被选中。结果公布后，团队仍需参加简短的总结会，并与入选团队在同一空间里交流。请按顺序代入以下片段。","片段1：结果页面加载出来，你在名单上反复确认，却没有看到团队名称。请呈现确认落选时的表情。","苦涩型笑｜失落苦笑：利用投入与结果不匹配，诱发带失望的苦笑。","illustrations/scene_023_project_setback.png"
"团队项目失败后的收尾：请想象你和几位关系不错的同事准备了数周的提案，最终没有被选中。结果公布后，团队仍需参加简短的总结会，并与入选团队在同一空间里交流。请按顺序代入以下片段。","片段2：负责人看着大家说“至少我们把能做的都做了”，会议室里一时没人接话。请呈现你回应这句安慰时的表情。","苦涩型笑｜无奈笑：利用事实正确但无法消除失落的安慰，诱发无奈笑。","illustrations/scene_023_project_setback.png"
"团队项目失败后的收尾：请想象你和几位关系不错的同事准备了数周的提案，最终没有被选中。结果公布后，团队仍需参加简短的总结会，并与入选团队在同一空间里交流。请按顺序代入以下片段。","片段3：入选团队的熟人过来握手，说很佩服你们的准备，希望以后合作。请呈现你向对方祝贺时的表情。","社交型笑｜职业祝贺笑：利用公平礼仪和真实失落并存，诱发礼貌、克制的笑。","illustrations/scene_023_project_setback.png"
"团队项目失败后的收尾：请想象你和几位关系不错的同事准备了数周的提案，最终没有被选中。结果公布后，团队仍需参加简短的总结会，并与入选团队在同一空间里交流。请按顺序代入以下片段。","片段4：一位队友开始自责，认为是自己的环节拖累了大家。你知道责任并不只在他。请呈现你安慰他时的表情。","温柔型笑｜支持暖笑：利用同伴需要安抚和共同承担，诱发温和、支持性的笑。","illustrations/scene_023_project_setback.png"
"团队项目失败后的收尾：请想象你和几位关系不错的同事准备了数周的提案，最终没有被选中。结果公布后，团队仍需参加简短的总结会，并与入选团队在同一空间里交流。请按顺序代入以下片段。","片段5：大家整理材料时发现一张最初版本，回想当时对结果有多乐观。请呈现你看着旧版本时的表情。","苦涩型笑｜心酸笑：利用过去期待与当前结果的对照，诱发心酸笑。","illustrations/scene_023_project_setback.png"
"团队项目失败后的收尾：请想象你和几位关系不错的同事准备了数周的提案，最终没有被选中。结果公布后，团队仍需参加简短的总结会，并与入选团队在同一空间里交流。请按顺序代入以下片段。","片段6：负责人说这套材料不会浪费，可以修改后用于下一个机会。请呈现你听见计划仍有延续可能时的表情。","愉悦型笑｜希望微笑：利用价值未完全丧失和未来可行性，诱发低强度希望笑。","illustrations/scene_023_project_setback.png"
"团队项目失败后的收尾：请想象你和几位关系不错的同事准备了数周的提案，最终没有被选中。结果公布后，团队仍需参加简短的总结会，并与入选团队在同一空间里交流。请按顺序代入以下片段。","片段7：离开前大家约定先去吃饭，不讨论复盘，只让今天结束。请呈现你与团队一起走出会议室时的表情。","苦涩型笑｜强颜后的释然笑：利用共同失落和暂时放下，诱发苦涩但放松的笑。","illustrations/scene_023_project_setback.png"
"面对爱炫耀又爱找借口的同事：请想象午休时，一位同事不断夸大自己的能力，声称团队离不开他。周围人知道他刚在一个简单任务上出错，但暂时不想把午餐变成争论。请按顺序代入以下片段。","片段1：他先说自己做任何项目都“从来不需要别人提醒”，并等待大家认同。请呈现你听着这句绝对化说法时的表情。","讥讽型笑｜不屑一笑：利用夸张自我评价与已知事实的冲突，诱发不屑笑。","illustrations/scene_024_boastful_colleague.png"
"面对爱炫耀又爱找借口的同事：请想象午休时，一位同事不断夸大自己的能力，声称团队离不开他。周围人知道他刚在一个简单任务上出错，但暂时不想把午餐变成争论。请按顺序代入以下片段。","片段2：有人提到他上午漏交文件，他立刻说“那是系统太落后，不是我的问题”。请呈现你听到这个解释时的表情。","讥讽型笑｜嗤笑：利用明显的责任外推，诱发短促否定性笑。","illustrations/scene_024_boastful_colleague.png"
"面对爱炫耀又爱找借口的同事：请想象午休时，一位同事不断夸大自己的能力，声称团队离不开他。周围人知道他刚在一个简单任务上出错，但暂时不想把午餐变成争论。请按顺序代入以下片段。","片段3：他又说真正厉害的人不需要遵守死板流程，还问你是不是也这么认为。你不想正面争执。请呈现你给出模糊回应时的表情。","社交型笑｜应付式礼貌笑：利用直接拉拢和避免冲突，诱发非真实愉悦的笑。","illustrations/scene_024_boastful_colleague.png"
"面对爱炫耀又爱找借口的同事：请想象午休时，一位同事不断夸大自己的能力，声称团队离不开他。周围人知道他刚在一个简单任务上出错，但暂时不想把午餐变成争论。请按顺序代入以下片段。","片段4：他随后批评另一个同事迟交材料“缺乏职业素养”。请呈现你意识到双重标准时的表情。","讥讽型笑｜冷笑：利用对自己宽松、对别人苛刻的双重标准，诱发冷笑。","illustrations/scene_024_boastful_colleague.png"
"面对爱炫耀又爱找借口的同事：请想象午休时，一位同事不断夸大自己的能力，声称团队离不开他。周围人知道他刚在一个简单任务上出错，但暂时不想把午餐变成争论。请按顺序代入以下片段。","片段5：有人提醒他刚才才说流程不重要，他停顿后回答“我的情况不一样”。请呈现这次自我例外声明带来的反应。","讥讽型笑｜讥笑：利用逻辑被揭穿后的强行自我开脱，诱发嘲弄性笑。","illustrations/scene_024_boastful_colleague.png"
"面对爱炫耀又爱找借口的同事：请想象午休时，一位同事不断夸大自己的能力，声称团队离不开他。周围人知道他刚在一个简单任务上出错，但暂时不想把午餐变成争论。请按顺序代入以下片段。","片段6：他开始给大家讲一个自己如何“力挽狂澜”的故事，但细节与你亲眼见到的版本明显不同。请呈现你继续听他说时的表情。","讥讽型笑｜轻蔑笑：利用对功劳的重新包装，诱发轻蔑、否定性的笑。","illustrations/scene_024_boastful_colleague.png"
"面对爱炫耀又爱找借口的同事：请想象午休时，一位同事不断夸大自己的能力，声称团队离不开他。周围人知道他刚在一个简单任务上出错，但暂时不想把午餐变成争论。请按顺序代入以下片段。","片段7：午休结束，他拍着你的肩说“多和我合作能学到很多”。请呈现你礼貌结束谈话时的表情。","社交型笑｜职业结束笑：利用尽快结束互动和保持表面关系，诱发程式化笑。","illustrations/scene_024_boastful_colleague.png"
"面对爱炫耀又爱找借口的同事：请想象午休时，一位同事不断夸大自己的能力，声称团队离不开他。周围人知道他刚在一个简单任务上出错，但暂时不想把午餐变成争论。请按顺序代入以下片段。","片段8：回到座位后，你发现下午还要与他一起完成任务。请呈现你看见日程安排时的表情。","苦涩型笑｜无奈苦笑：利用不喜欢互动却无法回避，诱发疲惫、无奈的笑。","illustrations/scene_024_boastful_colleague.png"
"误以为手机丢失后又找到：请想象你在咖啡店准备离开时，摸遍口袋和桌面都找不到手机。手机里有重要资料，你一时想不起最后一次使用是在店里还是路上。请按顺序代入以下片段。","片段1：你先重新检查桌面、外套和包的常用口袋，仍然没有找到。请呈现你努力回忆时的表情。","苦涩型笑｜紧张苦笑：利用重要物品可能遗失和记忆不确定，诱发紧张、勉强的笑。","illustrations/scene_025_phone_found.png"
"误以为手机丢失后又找到：请想象你在咖啡店准备离开时，摸遍口袋和桌面都找不到手机。手机里有重要资料，你一时想不起最后一次使用是在店里还是路上。请按顺序代入以下片段。","片段2：你不得不回到柜台，礼貌询问店员是否有人捡到手机。后面还有顾客在等。请呈现你说明情况时的表情。","社交型笑｜歉意礼貌笑：利用需要陌生人协助和占用时间的顾虑，诱发社交性笑。","illustrations/scene_025_phone_found.png"
"误以为手机丢失后又找到：请想象你在咖啡店准备离开时，摸遍口袋和桌面都找不到手机。手机里有重要资料，你一时想不起最后一次使用是在店里还是路上。请按顺序代入以下片段。","片段3：店员没有找到，建议朋友拨打你的号码。你意识到手机可能已经不在店里。请呈现等待拨号接通时的表情。","苦涩型笑｜无奈苦笑：利用最后简单办法也未立即奏效，诱发无奈笑。","illustrations/scene_025_phone_found.png"
"误以为手机丢失后又找到：请想象你在咖啡店准备离开时，摸遍口袋和桌面都找不到手机。手机里有重要资料，你一时想不起最后一次使用是在店里还是路上。请按顺序代入以下片段。","片段4：周围安静下来后，你忽然听见自己的包底传来很轻的振动声。请呈现你第一次意识到声音来自包里时的表情。","愉悦型笑｜惊喜释然笑：利用威胁突然解除，诱发迅速、明显的笑。","illustrations/scene_025_phone_found.png"
"误以为手机丢失后又找到：请想象你在咖啡店准备离开时，摸遍口袋和桌面都找不到手机。手机里有重要资料，你一时想不起最后一次使用是在店里还是路上。请按顺序代入以下片段。","片段5：你从一个平时几乎不用的夹层里拿出手机，想起自己刚才为了安全特意放进去。请呈现你意识到是自己造成误会时的表情。","失控型笑｜自嘲爆笑：利用紧张解除与自我矛盾形成反差，诱发突然笑出声。","illustrations/scene_025_phone_found.png"
"误以为手机丢失后又找到：请想象你在咖啡店准备离开时，摸遍口袋和桌面都找不到手机。手机里有重要资料，你一时想不起最后一次使用是在店里还是路上。请按顺序代入以下片段。","片段6：朋友在电话另一端听见你笑，问“所以手机在哪里”，你需要解释手机一直在自己包里。请呈现你边解释边再次笑出来的表情。","失控型笑｜抑制失败笑：利用复述荒唐过程重新激活笑意，诱发反复破功。","illustrations/scene_025_phone_found.png"
"误以为手机丢失后又找到：请想象你在咖啡店准备离开时，摸遍口袋和桌面都找不到手机。手机里有重要资料，你一时想不起最后一次使用是在店里还是路上。请按顺序代入以下片段。","片段7：你向店员道谢并为刚才的打扰道歉，店员说“找到就好，我也放心了”。请呈现你结束这次小插曲时的表情。","愉悦型笑｜轻松感谢笑：利用问题解决和他人善意回应，诱发轻松、真诚的笑。","illustrations/scene_025_phone_found.png"
"为朋友准备秘密惊喜聚会：请想象你与几位朋友借用一间熟悉的房间，为一位即将到来的好友准备小型生日惊喜。对方只以为你们要普通吃饭，并已经发消息说快到门口。请按顺序代入以下片段。","片段1：你们关掉灯、压低声音站好位置；门外已经能听见对方找钥匙的声音。请呈现等待门打开时的表情。","狡黠型笑｜期待窃笑：利用共同秘密即将揭晓，诱发压低、难以隐藏的笑。","illustrations/scene_026_surprise_party.png"
"为朋友准备秘密惊喜聚会：请想象你与几位朋友借用一间熟悉的房间，为一位即将到来的好友准备小型生日惊喜。对方只以为你们要普通吃饭，并已经发消息说快到门口。请按顺序代入以下片段。","片段2：对方在门外发消息问“怎么里面这么安静，你们不会还没来吧”。你需要回复一句让他继续进门的话。请呈现输入消息时的表情。","狡黠型笑｜隐藏意图的坏笑：利用误导必须保持可信，诱发含秘密的笑。","illustrations/scene_026_surprise_party.png"
"为朋友准备秘密惊喜聚会：请想象你与几位朋友借用一间熟悉的房间，为一位即将到来的好友准备小型生日惊喜。对方只以为你们要普通吃饭，并已经发消息说快到门口。请按顺序代入以下片段。","片段3：门把手转动时，一位同伴差点提前笑出声；你立刻看向他示意忍住。请呈现你们短暂对视时的表情。","狡黠型笑｜会意窃笑：利用共同抑制和差点暴露，诱发默契窃笑。","illustrations/scene_026_surprise_party.png"
"为朋友准备秘密惊喜聚会：请想象你与几位朋友借用一间熟悉的房间，为一位即将到来的好友准备小型生日惊喜。对方只以为你们要普通吃饭，并已经发消息说快到门口。请按顺序代入以下片段。","片段4：对方进门后先疑惑地停住，你们仍多等了一秒才一起开灯。请呈现你看着他尚未明白时的表情。","狡黠型笑｜揭晓前意味深长的笑：利用掌握信息与对方迟疑，诱发吊胃口的笑。","illustrations/scene_026_surprise_party.png"
"为朋友准备秘密惊喜聚会：请想象你与几位朋友借用一间熟悉的房间，为一位即将到来的好友准备小型生日惊喜。对方只以为你们要普通吃饭，并已经发消息说快到门口。请按顺序代入以下片段。","片段5：灯亮后大家一起祝福，对方从困惑变成惊喜，反复看着房间和每个人。请呈现你确认惊喜成功时的表情。","愉悦型笑｜共享开怀笑：利用善意计划成功和好友的积极反应，诱发真心开怀笑。","illustrations/scene_026_surprise_party.png"
"为朋友准备秘密惊喜聚会：请想象你与几位朋友借用一间熟悉的房间，为一位即将到来的好友准备小型生日惊喜。对方只以为你们要普通吃饭，并已经发消息说快到门口。请按顺序代入以下片段。","片段6：对方终于反应过来，指着你说“难怪你今天一直回消息这么慢”，大家开始复盘刚才差点露馅的细节。请呈现你边解释边被大家逗笑的表情。","失控型笑｜群体感染笑：利用成功后的复盘和集体笑声，诱发难以停止的大笑。","illustrations/scene_026_surprise_party.png"
