情景,片段序号,说明,发言,目的,配图
久しぶりに親友と再会する場面：平日の夕方、荷物を引いて駅を出ようとしていると、混雑した人の中から突然、子どもの頃のあだ名で呼ばれたと想像してください。振り返ると、何年も会っていなかった、かつてとても親しかった友人がいます。二人とも、相手がそこにいるとは知りませんでした。続いて表示される説明と発話に応じて、そのときの自然な表情をしてください。,1,振り返ったばかりで、まだ相手が誰なのか確信できていません。相手はすでに足早に近づいてきています。,あ、本当に君だ！一瞬、人違いだったらどうしようって心配したよ。,喜びの笑顔｜驚きの笑顔：予期しない相手の認識と嬉しい再会によって、短時間で自然に生じる喜びの表情を引き出します。,illustrations/scene_001_reunion.png
久しぶりに親友と再会する場面：平日の夕方、荷物を引いて駅を出ようとしていると、混雑した人の中から突然、子どもの頃のあだ名で呼ばれたと想像してください。振り返ると、何年も会っていなかった、かつてとても親しかった友人がいます。二人とも、相手がそこにいるとは知りませんでした。続いて表示される説明と発話に応じて、そのときの自然な表情をしてください。,2,友人はあなたの前で立ち止まり、自然に両腕を広げて改めて挨拶しようとしています。,本当に君なんだね。久しぶり！この何年も、元気にしているかなってずっと気になってた。,喜びの笑顔｜晴れやかな笑顔：長い別離の後に歓迎される感覚によって、はっきりと開かれた喜びの表情を引き出します。,illustrations/scene_001_reunion.png
久しぶりに親友と再会する場面：平日の夕方、荷物を引いて駅を出ようとしていると、混雑した人の中から突然、子どもの頃のあだ名で呼ばれたと想像してください。振り返ると、何年も会っていなかった、かつてとても親しかった友人がいます。二人とも、相手がそこにいるとは知りませんでした。続いて表示される説明と発話に応じて、そのときの自然な表情をしてください。,3,二人で駅の出口へ向かっています。友人は、あなたが話すときの懐かしい癖に気づきました。,昔と変わらないね。話すときのその仕草、今もそのままだ。,優しい笑顔｜親しみのある温かな笑顔：懐かしい細部を覚えていてもらうことで、親近感を伴う温かな笑顔を引き出します。,illustrations/scene_001_reunion.png
久しぶりに親友と再会する場面：平日の夕方、荷物を引いて駅を出ようとしていると、混雑した人の中から突然、子どもの頃のあだ名で呼ばれたと想像してください。振り返ると、何年も会っていなかった、かつてとても親しかった友人がいます。二人とも、相手がそこにいるとは知りませんでした。続いて表示される説明と発話に応じて、そのときの自然な表情をしてください。,4,学生時代の話をしていると、友人が二人でやった昔の失敗を突然思い出しました。,雨宿りするために、二人で壊れた電話ボックスに入ったこと、まだ覚えてる？,喜びの笑顔｜朗らかな笑顔：共有する思い出とその場での物まねによって、大きく表れる共有の笑顔を引き出します。,illustrations/scene_001_reunion.png
久しぶりに親友と再会する場面：平日の夕方、荷物を引いて駅を出ようとしていると、混雑した人の中から突然、子どもの頃のあだ名で呼ばれたと想像してください。振り返ると、何年も会っていなかった、かつてとても親しかった友人がいます。二人とも、相手がそこにいるとは知りませんでした。続いて表示される説明と発話に応じて、そのときの自然な表情をしてください。,5,友人はしばらく黙った後、引っ越した当時の気持ちを真剣な口調で話し始めます。,実は引っ越したとき、一番離れたくなかったのは君だった。でも、その後ずっと連絡する勇気が出なかったんだ。,優しい笑顔｜感動した笑顔：遅れて伝えられた誠実な気持ちによって、感動を伴う柔らかな笑顔を引き出します。,illustrations/scene_001_reunion.png
久しぶりに親友と再会する場面：平日の夕方、荷物を引いて駅を出ようとしていると、混雑した人の中から突然、子どもの頃のあだ名で呼ばれたと想像してください。振り返ると、何年も会っていなかった、かつてとても親しかった友人がいます。二人とも、相手がそこにいるとは知りませんでした。続いて表示される説明と発話に応じて、そのときの自然な表情をしてください。,6,何年ぶりかに会った友人をあなたがじっと見ていることに、相手が気づいて冗談を言います。,さっきからどうしてそんなに見てるの？何年も会ってなかったから、本当に僕のことが分からなくなった？,はにかみ笑い｜照れ笑い：視線に気づかれ、好意的にからかわれることで、視線をそらす控えめな笑顔を引き出します。,illustrations/scene_001_reunion.png
久しぶりに親友と再会する場面：平日の夕方、荷物を引いて駅を出ようとしていると、混雑した人の中から突然、子どもの頃のあだ名で呼ばれたと想像してください。振り返ると、何年も会っていなかった、かつてとても親しかった友人がいます。二人とも、相手がそこにいるとは知りませんでした。続いて表示される説明と発話に応じて、そのときの自然な表情をしてください。,7,駅の出口で、友人は昔の共通の友人たちに連絡しようとスマートフォンを取り出します。,今日はまだ帰らないで、どこかでゆっくり話そうよ。昔のみんなにも声をかけてみる。,喜びの笑顔｜期待の笑顔：楽しい時間がこの先も続くという期待によって、軽やかで持続する笑顔を引き出します。,illustrations/scene_001_reunion.png
久しぶりの親友と食事をする場面：かつてとても親しかったものの、仕事や距離のため最近はほとんど会えない友人と、静かな飲食店で食事をしていると想像してください。最初は少しよそよそしいものの、会話は徐々に以前の親しい調子へ戻っていきます。続いて表示される説明と発話に応じて、そのときの自然な表情をしてください。,1,学生時代に一緒にした失敗を話していると、友人があなたの忘れていた細部を思い出します。,覚えてないの？先生には絶対ばれないって真面目な顔で言ってたのに、最初に呼び出されたのは君だったよ。,喜びの笑顔｜心からの笑顔：面白い共通の思い出と活発なやり取りによって、自然で共有された笑顔を引き出します。,illustrations/scene_002_old_friend_dinner.png
久しぶりの親友と食事をする場面：かつてとても親しかったものの、仕事や距離のため最近はほとんど会えない友人と、静かな飲食店で食事をしていると想像してください。最初は少しよそよそしいものの、会話は徐々に以前の親しい調子へ戻っていきます。続いて表示される説明と発話に応じて、そのときの自然な表情をしてください。,2,話題があなたの仕事に移ります。友人は、同じ問題への対応が長く続いていることを知っています。,その件、もうずいぶん長く対応してるんじゃない？毎日やっているのに、まだ同じ場所にいるみたいでつらそうだね。,苦笑｜やるせない苦笑：努力を続けても状況を制御できないという葛藤によって、疲れを伴う苦笑を引き出します。,illustrations/scene_002_old_friend_dinner.png
久しぶりの親友と食事をする場面：かつてとても親しかったものの、仕事や距離のため最近はほとんど会えない友人と、静かな飲食店で食事をしていると想像してください。最初は少しよそよそしいものの、会話は徐々に以前の親しい調子へ戻っていきます。続いて表示される説明と発話に応じて、そのときの自然な表情をしてください。,3,友人が最近の出来事を話し始めます。特別に面白い内容ではありませんが、本人は熱心で、あなたが聞いているか何度も確かめます。,最近は毎日同じプロジェクトの対応ばかりで、細かい話なんだけど、最初から全部聞いてほしいんだ。,社交的な笑顔｜聞き手としての微笑み：相手の話を聞き、やり取りを保つ必要によって、穏やかで協調的な笑顔を引き出します。,illustrations/scene_002_old_friend_dinner.png
久しぶりの親友と食事をする場面：かつてとても親しかったものの、仕事や距離のため最近はほとんど会えない友人と、静かな飲食店で食事をしていると想像してください。最初は少しよそよそしいものの、会話は徐々に以前の親しい調子へ戻っていきます。続いて表示される説明と発話に応じて、そのときの自然な表情をしてください。,4,共通の友人に起きた面白い話を、あなたは一番大事なところでわざと止めました。,それで、どうなったの？そこで止めないで、最後まで教えてよ。,いたずらっぽい笑い｜意味ありげな笑顔：結末を知りながらすぐには明かさない情報差によって、遊び心のある笑顔を引き出します。,illustrations/scene_002_old_friend_dinner.png
久しぶりの親友と食事をする場面：かつてとても親しかったものの、仕事や距離のため最近はほとんど会えない友人と、静かな飲食店で食事をしていると想像してください。最初は少しよそよそしいものの、会話は徐々に以前の親しい調子へ戻っていきます。続いて表示される説明と発話に応じて、そのときの自然な表情をしてください。,5,功績を横取りし、問題が起きると他人のせいにする人の話になります。友人も最近の様子を知っています。,また人の成果を自分のものみたいに話して、問題が出たらあんなに堂々と責任を押しつけたらしいよ。,嘲笑的な笑い｜軽蔑を含む笑顔：想定上の人物の行動を否定し軽蔑する気持ちによって、嘲笑的な笑顔を引き出します。,illustrations/scene_002_old_friend_dinner.png
久しぶりの親友と食事をする場面：かつてとても親しかったものの、仕事や距離のため最近はほとんど会えない友人と、静かな飲食店で食事をしていると想像してください。最初は少しよそよそしいものの、会話は徐々に以前の親しい調子へ戻っていきます。続いて表示される説明と発話に応じて、そのときの自然な表情をしてください。,6,友人はすぐに助言せず、あなたが最近抱えてきたことを最後まで真剣に聞きました。,本当に長い間、一人で耐えてきたんだね。最近はずっと大変だったでしょう。,優しい笑顔｜理解されたときの温かな笑顔：親しい相手に気持ちを受け止めてもらうことで、安心と感謝を伴う笑顔を引き出します。,illustrations/scene_002_old_friend_dinner.png
久しぶりの親友と食事をする場面：かつてとても親しかったものの、仕事や距離のため最近はほとんど会えない友人と、静かな飲食店で食事をしていると想像してください。最初は少しよそよそしいものの、会話は徐々に以前の親しい調子へ戻っていきます。続いて表示される説明と発話に応じて、そのときの自然な表情をしてください。,7,食事の後の交差点で、次に会えるのはまた先かもしれないと二人とも気づきます。友人は軽い口調で別れようとします。,今度はまた何年もたたないうちに会おう。今度こそ、お互いちゃんと連絡しようね。,苦笑｜寂しさを含む笑顔：再会の喜びと再び別れる寂しさが同時に生じることで、名残惜しさを含む笑顔を引き出します。,illustrations/scene_002_old_friend_dinner.png
自分を知っているのに、こちらは思い出せない人と偶然会う場面：商業施設でコーヒーを買う列に並んでいると、同年代の人が突然あなたの名前を正確に呼び、旧知の仲のように話しかけてきたと想像してください。会ったことがあるのは確かですが、名前も知り合った場所も思い出せません。続いて表示される説明と発話に応じて、そのときの自然な表情をしてください。,1,コーヒーの列に並んでいると、相手があなたの名前を呼び、昔からの知り合いのように挨拶します。,久しぶり！まさかこんなところで会うとは思わなかった。,社交的な笑顔｜反射的な礼儀笑い：突然の挨拶に即座に応じる必要によって、儀礼的な笑顔を引き出します。,illustrations/scene_003_unrecognized_acquaintance.png
自分を知っているのに、こちらは思い出せない人と偶然会う場面：商業施設でコーヒーを買う列に並んでいると、同年代の人が突然あなたの名前を正確に呼び、旧知の仲のように話しかけてきたと想像してください。会ったことがあるのは確かですが、名前も知り合った場所も思い出せません。続いて表示される説明と発話に応じて、そのときの自然な表情をしてください。,2,相手はあなたの近況を明らかに覚えていますが、あなたはまだ相手が誰なのか思い出せません。,今も前と同じところで働いてるの？あの頃、その仕事が好きだって言ってたよね。,社交的な笑顔｜会話を保つための笑顔：持っている情報の差と、やり取りを続ける必要によって、控えめな社交的笑顔を引き出します。,illustrations/scene_003_unrecognized_acquaintance.png
自分を知っているのに、こちらは思い出せない人と偶然会う場面：商業施設でコーヒーを買う列に並んでいると、同年代の人が突然あなたの名前を正確に呼び、旧知の仲のように話しかけてきたと想像してください。会ったことがあるのは確かですが、名前も知り合った場所も思い出せません。続いて表示される説明と発話に応じて、そのときの自然な表情をしてください。,3,相手はあなたのためらいに気づき、反応を確かめるように立ち止まります。,もしかして、本当に僕のことを覚えてない？,はにかみ笑い｜気まずい照れ笑い：記憶の失敗を相手に気づかれることで、視線をそらしたり唇を結んだりする笑顔を引き出します。,illustrations/scene_003_unrecognized_acquaintance.png
自分を知っているのに、こちらは思い出せない人と偶然会う場面：商業施設でコーヒーを買う列に並んでいると、同年代の人が突然あなたの名前を正確に呼び、旧知の仲のように話しかけてきたと想像してください。会ったことがあるのは確かですが、名前も知り合った場所も思い出せません。続いて表示される説明と発話に応じて、そのときの自然な表情をしてください。,4,どこで会ったのかすぐに思い出せないと正直に伝えます。相手は気を悪くせず、手がかりを出します。,大丈夫。思い出してみて、前に同じ短期研修に参加したことがあるよ。,社交的な笑顔｜場を和らげる笑顔：正直に説明して小さな失礼を修復することで、相手を安心させる笑顔を引き出します。,illustrations/scene_003_unrecognized_acquaintance.png
自分を知っているのに、こちらは思い出せない人と偶然会う場面：商業施設でコーヒーを買う列に並んでいると、同年代の人が突然あなたの名前を正確に呼び、旧知の仲のように話しかけてきたと想像してください。会ったことがあるのは確かですが、名前も知り合った場所も思い出せません。続いて表示される説明と発話に応じて、そのときの自然な表情をしてください。,5,相手が座っていた場所まで説明し、あなたはようやく目の前の人と当時の記憶を結びつけます。,同じグループで、僕は君の隣に座ってた。ノートも借りたことがあるよ。,はにかみ笑い｜安心を伴う照れ笑い：記憶が戻る安心と、先ほど思い出せなかった気まずさによって、照れ笑いを引き出します。,illustrations/scene_003_unrecognized_acquaintance.png
自分を知っているのに、こちらは思い出せない人と偶然会う場面：商業施設でコーヒーを買う列に並んでいると、同年代の人が突然あなたの名前を正確に呼び、旧知の仲のように話しかけてきたと想像してください。会ったことがあるのは確かですが、名前も知り合った場所も思い出せません。続いて表示される説明と発話に応じて、そのときの自然な表情をしてください。,6,相手が誰か分かった後、先ほどの曖昧な受け答えについて相手が軽く冗談を言います。,さっきまで、ずっと僕を知っているふりをしてた？正直、もう少しで信じるところだったよ。,苦笑｜自嘲の苦笑：小さな対人上の失敗を振り返ることで、軽い自嘲とやるせなさを伴う笑顔を引き出します。,illustrations/scene_003_unrecognized_acquaintance.png
心を込めた手作りの贈り物を受け取る場面：自分にとって記念となる日に、親しい友人と会ったと想像してください。友人は丁寧に包んだ小箱を取り出し、この贈り物を数週間かけて少しずつ作ったと話します。続いて表示される説明と発話に応じて、そのときの自然な表情をしてください。,1,友人は包んだプレゼントをあなたの前に置き、作っている途中で何度も失敗したことを話します。,これ、何週間も少しずつ作ったんだ。最初は二回も失敗しちゃった。,優しい笑顔｜思いやりのある温かな笑顔：親しい相手が熱心に語るのを聞くことで、優しく注意深い笑顔を引き出します。,illustrations/scene_004_handmade_gift.png
心を込めた手作りの贈り物を受け取る場面：自分にとって記念となる日に、親しい友人と会ったと想像してください。友人は丁寧に包んだ小箱を取り出し、この贈り物を数週間かけて少しずつ作ったと話します。続いて表示される説明と発話に応じて、そのときの自然な表情をしてください。,2,友人はプレゼントを手渡し、あなたの反応を注意深く見ています。,開けてみて。想像していたものより良くなかったらどうしようって、少し心配なんだ。,はにかみ笑い｜期待を伴う照れ笑い：注目を集めることと、内容が明らかになる期待によって、控えめな笑顔を引き出します。,illustrations/scene_004_handmade_gift.png
心を込めた手作りの贈り物を受け取る場面：自分にとって記念となる日に、親しい友人と会ったと想像してください。友人は丁寧に包んだ小箱を取り出し、この贈り物を数週間かけて少しずつ作ったと話します。続いて表示される説明と発話に応じて、そのときの自然な表情をしてください。,3,包みを開けると、ずっと前に欲しいと言ったものが入っています。あなた自身はその話を忘れていました。,前にこれが欲しいって言ってたのを覚えてたから、自分で作ってみようと思ったんだ。,喜びの笑顔｜驚きの笑顔：忘れていた願いを覚えてもらい、思いがけず実現することで、はっきりとした喜びと驚きの表情を引き出します。,illustrations/scene_004_handmade_gift.png
心を込めた手作りの贈り物を受け取る場面：自分にとって記念となる日に、親しい友人と会ったと想像してください。友人は丁寧に包んだ小箱を取り出し、この贈り物を数週間かけて少しずつ作ったと話します。続いて表示される説明と発話に応じて、そのときの自然な表情をしてください。,4,プレゼントを詳しく見ていると、友人が二人にしか分からない細部を指さします。,ここを見て。二人にしか分からないあの小さな印も入れておいたよ。,優しい笑顔｜感動を伴う愛情深い笑顔：共有する思い出が贈り物に込められていることで、親しさと感動を伴う笑顔を引き出します。,illustrations/scene_004_handmade_gift.png
心を込めた手作りの贈り物を受け取る場面：自分にとって記念となる日に、親しい友人と会ったと想像してください。友人は丁寧に包んだ小箱を取り出し、この贈り物を数週間かけて少しずつ作ったと話します。続いて表示される説明と発話に応じて、そのときの自然な表情をしてください。,5,あなたが一時的に黙ったため、友人は想像と違ったのではないかと心配します。,どうして何も言わないの？想像していたものと違った？,はにかみ笑い｜唇を結んだ笑顔：強い感謝をすぐ言葉にできないことで、唇を結ぶ短い照れ笑いを引き出します。,illustrations/scene_004_handmade_gift.png
心を込めた手作りの贈り物を受け取る場面：自分にとって記念となる日に、親しい友人と会ったと想像してください。友人は丁寧に包んだ小箱を取り出し、この贈り物を数週間かけて少しずつ作ったと話します。続いて表示される説明と発話に応じて、そのときの自然な表情をしてください。,6,あなたが気に入ったと分かると、友人は安心し、作業中に苦労した部分を話します。,気に入ってくれてよかった。ここは途中で諦めそうになって、結局全部ほどいて作り直したんだ。,喜びの笑顔｜満足した笑顔：驚きが落ち着き、体験を共有することで、安定した満足の笑顔を引き出します。,illustrations/scene_004_handmade_gift.png
仕事で褒められる場面：月曜日の部署会議で、先週起きた突発的な問題を振り返っていると想像してください。あなたは進捗だけを報告するつもりでしたが、上司は、重要な問題を早く発見し落ち着いて対処したのはあなただと皆の前で説明します。続いて表示される説明と発話に応じて、そのときの自然な表情をしてください。,1,月曜日の部署会議で、上司が突然あなたの名前を呼び、何人かの同僚が一斉にあなたを見ます。,次に、先週の突発的なトラブルに対するあなたの対応について、特に話したいと思います。,はにかみ笑い｜緊張を抑えた笑顔：人前で突然注目され、結果がまだ分からないことで、短く控えめな笑顔を引き出します。,illustrations/scene_005_work_praise.png
仕事で褒められる場面：月曜日の部署会議で、先週起きた突発的な問題を振り返っていると想像してください。あなたは進捗だけを報告するつもりでしたが、上司は、重要な問題を早く発見し落ち着いて対処したのはあなただと皆の前で説明します。続いて表示される説明と発話に応じて、そのときの自然な表情をしてください。,2,上司は対応の経緯を説明し、あなたの貢献を明確に評価します。,重要な問題を早い段階で見つけ、落ち着いて対応してくれたおかげで、大きなトラブルを防げました。,喜びの笑顔｜達成感のある笑顔：努力を公に認められることで、自然な満足の笑顔を引き出します。,illustrations/scene_005_work_praise.png
仕事で褒められる場面：月曜日の部署会議で、先週起きた突発的な問題を振り返っていると想像してください。あなたは進捗だけを報告するつもりでしたが、上司は、重要な問題を早く発見し落ち着いて対処したのはあなただと皆の前で説明します。続いて表示される説明と発話に応じて、そのときの自然な表情をしてください。,3,上司の話が終わると同僚たちが拍手し、そのうちの一人があなたにお祝いを伝えます。,本当に良い対応だったよ。今回はみんなをもっと大きな問題から救ってくれた。,社交的な笑顔｜謙虚で礼儀正しい笑顔：公の場で応答し功績を分かち合う規範によって、統制された友好的な笑顔を引き出します。,illustrations/scene_005_work_praise.png
仕事で褒められる場面：月曜日の部署会議で、先週起きた突発的な問題を振り返っていると想像してください。あなたは進捗だけを報告するつもりでしたが、上司は、重要な問題を早く発見し落ち着いて対処したのはあなただと皆の前で説明します。続いて表示される説明と発話に応じて、そのときの自然な表情をしてください。,4,上司はあなたの対応方法をチームでも活用できると考え、次の作業を提案します。,今回の経験を、今後みんなが使えるテンプレートにまとめてもらえますか？,喜びの笑顔｜誇りと満足の笑顔：能力が認められ、継続的な価値を持つことで、誇らしさを伴う穏やかな笑顔を引き出します。,illustrations/scene_005_work_praise.png
仕事で褒められる場面：月曜日の部署会議で、先週起きた突発的な問題を振り返っていると想像してください。あなたは進捗だけを報告するつもりでしたが、上司は、重要な問題を早く発見し落ち着いて対処したのはあなただと皆の前で説明します。続いて表示される説明と発話に応じて、そのときの自然な表情をしてください。,5,会議の後、普段ほとんど人を褒めない同僚があなたのところへ来ます。,あの日は本当にみんなを助けてくれたよ。普段はこういうことを言わないけど、今回は心から感謝してる。,はにかみ笑い｜照れ笑い：同僚から予想外に直接褒められることで、はにかんだ笑顔を引き出します。,illustrations/scene_005_work_praise.png
仕事で褒められる場面：月曜日の部署会議で、先週起きた突発的な問題を振り返っていると想像してください。あなたは進捗だけを報告するつもりでしたが、上司は、重要な問題を早く発見し落ち着いて対処したのはあなただと皆の前で説明します。続いて表示される説明と発話に応じて、そのときの自然な表情をしてください。,6,以前あなたを支えてくれた別の同僚も残り、これまでの成長について話します。,今ではこういう問題を一人で対応できるようになって、僕も本当にうれしいよ。,優しい笑顔｜感謝の笑顔：長く支えてもらったことを改めて確認することで、温かく誠実な笑顔を引き出します。,illustrations/scene_005_work_praise.png
仕事で批判される場面：プロジェクトの振り返り会議で、あなたが担当した報告書が大画面に映されていると想像してください。上司は、要求事項が一つ抜けていたため、同僚が急きょ作業をやり直すことになったと指摘します。抜けがあったのは事実ですが、その場には経緯を十分知らない人もいます。続いて表示される説明と発話に応じて、そのときの自然な表情をしてください。,1,プロジェクトの振り返り会議で、上司があなたの報告書に要件の漏れがあると指摘し、会議室が静かになります。,この報告書には、明記されていた要件が一つ抜けています。まず、どうしてこうなったのか説明してください。,社交的な笑顔｜緊張を伴う礼儀笑い：人前で批判されても職業人として振る舞う必要によって、ごく小さな仕事上の笑顔を引き出します。,illustrations/scene_006_work_criticism.png
仕事で批判される場面：プロジェクトの振り返り会議で、あなたが担当した報告書が大画面に映されていると想像してください。上司は、要求事項が一つ抜けていたため、同僚が急きょ作業をやり直すことになったと指摘します。抜けがあったのは事実ですが、その場には経緯を十分知らない人もいます。続いて表示される説明と発話に応じて、そのときの自然な表情をしてください。,2,あなたは見落としを認め、手戻りの影響を受けた同僚に謝ります。同僚は会議を続けようとします。,分かりました。まず会議を続けて、修正については後で一緒に確認しましょう。,社交的な笑顔｜場を和らげる笑顔：責任を引き受け、関係を修復することで、相手を安心させる笑顔を引き出します。,illustrations/scene_006_work_criticism.png
仕事で批判される場面：プロジェクトの振り返り会議で、あなたが担当した報告書が大画面に映されていると想像してください。上司は、要求事項が一つ抜けていたため、同僚が急きょ作業をやり直すことになったと指摘します。抜けがあったのは事実ですが、その場には経緯を十分知らない人もいます。続いて表示される説明と発話に応じて、そのときの自然な表情をしてください。,3,要件が変わった経緯には触れないまま、上司は全員の前で今回の見落としをさらに評価します。,このような基本的なミスは起きるべきではありません。次回は提出前に全体を確認してください。,苦笑｜作り笑い：不満があってもその場で詳しく説明できない状況によって、表面上抑えた笑顔を引き出します。,illustrations/scene_006_work_criticism.png
仕事で批判される場面：プロジェクトの振り返り会議で、あなたが担当した報告書が大画面に映されていると想像してください。上司は、要求事項が一つ抜けていたため、同僚が急きょ作業をやり直すことになったと指摘します。抜けがあったのは事実ですが、その場には経緯を十分知らない人もいます。続いて表示される説明と発話に応じて、そのときの自然な表情をしてください。,4,プロジェクトにほとんど関わっていない同僚が、軽く見下すような口調で話に加わります。,それって常識じゃないですか？普通なら見落とすはずがないと思います。,嘲笑的な笑い｜冷笑：不公平な評価と優越的な態度を否定する気持ちによって、抑えた冷笑を引き出します。,illustrations/scene_006_work_criticism.png
仕事で批判される場面：プロジェクトの振り返り会議で、あなたが担当した報告書が大画面に映されていると想像してください。上司は、要求事項が一つ抜けていたため、同僚が急きょ作業をやり直すことになったと指摘します。抜けがあったのは事実ですが、その場には経緯を十分知らない人もいます。続いて表示される説明と発話に応じて、そのときの自然な表情をしてください。,5,会議後、上司は批判が結果に対するものだと説明しますが、同時にその日のうちの修正を求めます。,あなたの能力全体を否定しているわけではありません。ただ、この報告書は今夜中に直してください。,苦笑｜やるせない苦笑：一部の慰めと新たな負担が同時に生じることで、疲れとやるせなさを伴う笑顔を引き出します。,illustrations/scene_006_work_criticism.png
仕事で批判される場面：プロジェクトの振り返り会議で、あなたが担当した報告書が大画面に映されていると想像してください。上司は、要求事項が一つ抜けていたため、同僚が急きょ作業をやり直すことになったと指摘します。抜けがあったのは事実ですが、その場には経緯を十分知らない人もいます。続いて表示される説明と発話に応じて、そのときの自然な表情をしてください。,6,席に戻ってファイルを開き直すと、同僚があなたの退勤後の予定がなくなったことに気づきます。,今夜の予定は延期するしかなさそうだね。大変だね。,苦笑｜自嘲の苦笑：予定が崩れ、それでも仕事を続ける必要があるという対比によって、軽い自嘲を伴う笑顔を引き出します。,illustrations/scene_006_work_criticism.png
上司または教授に初めて会う場面：自分にとって大切な提案を説明するため、初めて一人で相手の部屋に入ると想像してください。冒頭の言葉は練習してきましたが、相手の人柄はよく分かりません。続いて表示される説明と発話に応じて、そのときの自然な表情をしてください。,1,初めて上司または教授の部屋に一人で入ります。相手は着席を勧め、簡単な雑談から始めます。,ここに来るのは初めてですね。道は分かりましたか？,社交的な笑顔｜正式で礼儀正しい笑顔：立場の差がある初対面の規範によって、控えめで職業的な笑顔を引き出します。,illustrations/scene_007_supervisor_group.png
上司または教授に初めて会う場面：自分にとって大切な提案を説明するため、初めて一人で相手の部屋に入ると想像してください。冒頭の言葉は練習してきましたが、相手の人柄はよく分かりません。続いて表示される説明と発話に応じて、そのときの自然な表情をしてください。,2,説明を始めた直後にドアが開き、予想していなかった四人が入って近くに座ります。,ちょうどこの提案に関心があるそうなので、この四人にも一緒に聞いてもらいます。,はにかみ笑い｜気まずい笑顔：聞き手の人数が突然変わることで、動きが止まったり、視線をそらしたり、唇を結んだりする笑顔を引き出します。,illustrations/scene_007_supervisor_group.png
上司または教授に初めて会う場面：自分にとって大切な提案を説明するため、初めて一人で相手の部屋に入ると想像してください。冒頭の言葉は練習してきましたが、相手の人柄はよく分かりません。続いて表示される説明と発話に応じて、そのときの自然な表情をしてください。,3,追加の聞き手が座ると、全員の視線が再びあなたに向かいます。上司または教授が続きを促します。,この人たちのことは気にせず、準備してきたとおりに続けてください。,はにかみ笑い｜緊張を抑えた笑顔：複数の人に見られながら、すぐ再開する必要によって、緊張した笑顔を引き出します。,illustrations/scene_007_supervisor_group.png
上司または教授に初めて会う場面：自分にとって大切な提案を説明するため、初めて一人で相手の部屋に入ると想像してください。冒頭の言葉は練習してきましたが、相手の人柄はよく分かりません。続いて表示される説明と発話に応じて、そのときの自然な表情をしてください。,4,説明が終わり、相手が資料を閉じます。初めての正式な面談を終えました。,ありがとうございます。今日はここまでで大丈夫です。戻ってください。,喜びの笑顔｜安堵の笑顔：緊張の高い対話が終わることで、自然に力が抜ける笑顔を引き出します。,illustrations/scene_007_supervisor_group.png
上司または教授に初めて会う場面：自分にとって大切な提案を説明するため、初めて一人で相手の部屋に入ると想像してください。冒頭の言葉は練習してきましたが、相手の人柄はよく分かりません。続いて表示される説明と発話に応じて、そのときの自然な表情をしてください。,5,部屋を出た後、ノートを置き忘れたことに気づき、もう一度ドアをノックします。中の人たちはまだ残っています。,どうしましたか？何かここに忘れましたか？,苦笑｜やるせない苦笑：緊張から解放された直後に戻らざるを得ない対比によって、やるせない笑顔を引き出します。,illustrations/scene_007_supervisor_group.png
上司または教授に初めて会う場面：自分にとって大切な提案を説明するため、初めて一人で相手の部屋に入ると想像してください。冒頭の言葉は練習してきましたが、相手の人柄はよく分かりません。続いて表示される説明と発話に応じて、そのときの自然な表情をしてください。,6,相手は嫌な顔をせず、ノートを渡して緊張を和らげます。,初めてなら緊張するのは普通です。こんな小さなことは気にしなくて大丈夫ですよ。,社交的な笑顔｜気まずさが和らいだ礼儀笑い：相手が失敗を和らげてくれることで、礼儀正しさと明らかな安心を伴う笑顔を引き出します。,illustrations/scene_007_supervisor_group.png
上司または教授に初めて会う場面：自分にとって大切な提案を説明するため、初めて一人で相手の部屋に入ると想像してください。冒頭の言葉は練習してきましたが、相手の人柄はよく分かりません。続いて表示される説明と発話に応じて、そのときの自然な表情をしてください。,7,もう一度退出しようとすると、相手が提案についての最初の感想を付け加えます。,あなたの提案には良いアイデアがいくつかあります。続きはまたゆっくり話しましょう。,優しい笑顔｜安心した温かな笑顔：権威ある相手からの親切と評価によって、安心と親近感を伴う笑顔を引き出します。,illustrations/scene_007_supervisor_group.png
人身事故で電車が遅れる場面：平日の夕方、後の乗り換えに必要な電車をホームで待っていると想像してください。前方で人身事故が発生したため運転を見合わせ、再開時刻は未定だという放送が流れます。事故そのものは想像せず、待つこと、予定が崩れること、周囲の人とのやり取りだけに意識を向けてください。続いて表示される説明と発話に応じて、そのときの自然な表情をしてください。,1,次の乗り換えに必要な電車をホームで待っていると、最初の放送が流れます。,前方で発生した人身事故の影響により、当路線は現在運転を見合わせています。運転再開時刻は未定です。,苦笑｜やるせない笑顔：自分では制御できない遅延で予定が崩れることによって、軽いやるせなさを伴う笑顔を引き出します。,illustrations/scene_008_train_delay.png
人身事故で電車が遅れる場面：平日の夕方、後の乗り換えに必要な電車をホームで待っていると想像してください。前方で人身事故が発生したため運転を見合わせ、再開時刻は未定だという放送が流れます。事故そのものは想像せず、待つこと、予定が崩れること、周囲の人とのやり取りだけに意識を向けてください。続いて表示される説明と発話に応じて、そのときの自然な表情をしてください。,2,電光掲示板の遅延見込みが十分から四十分に変わり、更新の放送が流れます。,運転再開は四十分以上先となる見込みです。お乗り換えのお客様は経路の変更をご検討ください。,苦笑｜苦い笑顔：わずかに残っていた期待も崩れることで、失望を伴う苦笑を引き出します。,illustrations/scene_008_train_delay.png
人身事故で電車が遅れる場面：平日の夕方、後の乗り換えに必要な電車をホームで待っていると想像してください。前方で人身事故が発生したため運転を見合わせ、再開時刻は未定だという放送が流れます。事故そのものは想像せず、待つこと、予定が崩れること、周囲の人とのやり取りだけに意識を向けてください。続いて表示される説明と発話に応じて、そのときの自然な表情をしてください。,3,予定していた乗り換えにはもう間に合いません。待っている友人から到着時刻を尋ねる音声メッセージが届きます。,もうすぐ着きそう？お店から、予約を待てるのはあと十五分くらいだって言われたよ。,社交的な笑顔｜申し訳なさを含む笑顔：相手の予定にも影響することを気遣うことで、謝意を伴う社交的笑顔を引き出します。,illustrations/scene_008_train_delay.png
人身事故で電車が遅れる場面：平日の夕方、後の乗り換えに必要な電車をホームで待っていると想像してください。前方で人身事故が発生したため運転を見合わせ、再開時刻は未定だという放送が流れます。事故そのものは想像せず、待つこと、予定が崩れること、周囲の人とのやり取りだけに意識を向けてください。続いて表示される説明と発話に応じて、そのときの自然な表情をしてください。,4,同じように足止めされた乗客が、何度も変わる掲示板を見てあなたと目を合わせます。,本当にこんな日に限って止まるんですね。私たち、どちらも動けなくなりましたね。,苦笑｜共感を伴う苦笑：見知らぬ人と同じやるせない状況を共有することで、短く同調する苦笑を引き出します。,illustrations/scene_008_train_delay.png
人身事故で電車が遅れる場面：平日の夕方、後の乗り換えに必要な電車をホームで待っていると想像してください。前方で人身事故が発生したため運転を見合わせ、再開時刻は未定だという放送が流れます。事故そのものは想像せず、待つこと、予定が崩れること、周囲の人とのやり取りだけに意識を向けてください。続いて表示される説明と発話に応じて、そのときの自然な表情をしてください。,5,新しい情報がないまま、定型的なお詫びの放送が三回目も繰り返されます。,お客様にはご不便をおかけし、深くお詫び申し上げます。今しばらくお待ちください。,嘲笑的な笑い｜冷笑：役立つ情報がないことと定型的な謝罪の落差によって、抑えた否定的な笑顔を引き出します。,illustrations/scene_008_train_delay.png
人身事故で電車が遅れる場面：平日の夕方、後の乗り換えに必要な電車をホームで待っていると想像してください。前方で人身事故が発生したため運転を見合わせ、再開時刻は未定だという放送が流れます。事故そのものは想像せず、待つこと、予定が崩れること、周囲の人とのやり取りだけに意識を向けてください。続いて表示される説明と発話に応じて、そのときの自然な表情をしてください。,6,スマートフォンの電池がほとんどありません。隣の乗客が気づいてモバイルバッテリーを取り出します。,よかったら私のモバイルバッテリーを使いますか？もう一つ持っているので大丈夫です。,優しい笑顔｜感謝の温かな笑顔：見知らぬ人から具体的な助けを受けることで、誠実で温かな笑顔を引き出します。,illustrations/scene_008_train_delay.png
人身事故で電車が遅れる場面：平日の夕方、後の乗り換えに必要な電車をホームで待っていると想像してください。前方で人身事故が発生したため運転を見合わせ、再開時刻は未定だという放送が流れます。事故そのものは想像せず、待つこと、予定が崩れること、周囲の人とのやり取りだけに意識を向けてください。続いて表示される説明と発話に応じて、そのときの自然な表情をしてください。,7,代替経路を決めた直後、その路線についても駅から新しい案内が流れます。,振替路線への乗客集中により、各路線でも大幅な混雑が発生し、到着時刻はさらに遅れる見込みです。,抑えきれない笑い｜絶望的な笑い：安全ではあるものの、移動上の不運が繰り返されることで、短く不釣り合いな笑いを引き出します。,illustrations/scene_008_train_delay.png
最後の一切れのケーキを運よく買える場面：仕事帰りに少し遠回りして、よく行く店の当日限定ケーキを買いに行ったと想像してください。いつも早く売り切れる品で、到着するとショーケースはほぼ空ですが、隅に一切れだけ残っています。続いて表示される説明と発話に応じて、そのときの自然な表情をしてください。,1,ほとんど空になったショーケースに近づくと、店員が隅のケーキを見ているあなたに気づきます。,見間違いではありませんよ。それが今日の限定ケーキの最後の一つです。,喜びの笑顔｜幸運への驚きの笑顔：期待が低い中で希少な品を見つけることで、素早く生じる驚きの笑顔を引き出します。,illustrations/scene_009_last_cake.png
最後の一切れのケーキを運よく買える場面：仕事帰りに少し遠回りして、よく行く店の当日限定ケーキを買いに行ったと想像してください。いつも早く売り切れる品で、到着するとショーケースはほぼ空ですが、隅に一切れだけ残っています。続いて表示される説明と発話に応じて、そのときの自然な表情をしてください。,2,まだ購入できるかすぐに尋ねると、店員は在庫を確認し、売り切れ表示を準備します。,本日最後の一つです。お取り置きして、すぐにお包みしますね。,喜びの笑顔｜満足した笑顔：欲しかった品を確実に得られることで、安定した満足の笑顔を引き出します。,illustrations/scene_009_last_cake.png
最後の一切れのケーキを運よく買える場面：仕事帰りに少し遠回りして、よく行く店の当日限定ケーキを買いに行ったと想像してください。いつも早く売り切れる品で、到着するとショーケースはほぼ空ですが、隅に一切れだけ残っています。続いて表示される説明と発話に応じて、そのときの自然な表情をしてください。,3,後ろの客もショーケースを見ますが、あなたはすでに注文済みです。その客が丁寧に話しかけます。,最後の一つはもう買われたんですね。私もちょうど残っているか聞こうと思っていました。,社交的な笑顔｜少し申し訳なさを含む礼儀笑い：結果は決まっていても相手を気遣うことで、控えめな社交的笑顔を引き出します。,illustrations/scene_009_last_cake.png
最後の一切れのケーキを運よく買える場面：仕事帰りに少し遠回りして、よく行く店の当日限定ケーキを買いに行ったと想像してください。いつも早く売り切れる品で、到着するとショーケースはほぼ空ですが、隅に一切れだけ残っています。続いて表示される説明と発話に応じて、そのときの自然な表情をしてください。,4,友人はあなたがわざわざこのケーキを買いに来たと知りながら、冗談っぽく見つめます。,私もすごく食べたいんだけど、あとで一口分けてくれない？条件は任せるよ。,いたずらっぽい笑い｜駆け引きの笑顔：希少な品を持つ状況での親しい冗談によって、遊び心と計算を含む笑顔を引き出します。,illustrations/scene_009_last_cake.png
最後の一切れのケーキを運よく買える場面：仕事帰りに少し遠回りして、よく行く店の当日限定ケーキを買いに行ったと想像してください。いつも早く売り切れる品で、到着するとショーケースはほぼ空ですが、隅に一切れだけ残っています。続いて表示される説明と発話に応じて、そのときの自然な表情をしてください。,5,会計で店員が会員情報を確認し、今日はポイントを使えることに気づきます。,本日はポイントで代金の一部をお支払いいただけるので、通常よりかなりお安くなります。,喜びの笑顔｜嬉しい笑顔：予想外の小さな得によって、明るく軽やかな笑顔を引き出します。,illustrations/scene_009_last_cake.png
最後の一切れのケーキを運よく買える場面：仕事帰りに少し遠回りして、よく行く店の当日限定ケーキを買いに行ったと想像してください。いつも早く売り切れる品で、到着するとショーケースはほぼ空ですが、隅に一切れだけ残っています。続いて表示される説明と発話に応じて、そのときの自然な表情をしてください。,6,最終的にケーキを友人と分けます。友人は二つを見比べ、大きい方をあなたに返します。,見つけたのは君なんだから、もちろん大きい方を食べてよ。,社交的な笑顔｜感謝を伴う友好的な笑顔：友人同士の公平さと思いやりによって、感謝を含む社交的笑顔を引き出します。,illustrations/scene_009_last_cake.png
何気なく入った店がとても好みに合う場面：週末の午後、目的地を決めずに知らない通りを歩き、人混みを避けて普通に見える小さな店へ入ったと想像してください。音楽、香り、陳列、品ぞろえのすべてが思いがけず自分の好みに合います。続いて表示される説明と発話に応じて、そのときの自然な表情をしてください。,1,店に入るとすぐ、最近何度も聞いている曲が流れていることに気づきます。店員もあなたが聞いていることに気づきます。,この曲、好きなんですか？今日はたまたま店のプレイリストに入れたんです。,喜びの笑顔｜思いがけない共感の笑顔：知らない環境で慣れ親しんだ好みに出会うことで、心地よい驚きを引き出します。,illustrations/scene_010_hidden_gem_shop.png
何気なく入った店がとても好みに合う場面：週末の午後、目的地を決めずに知らない通りを歩き、人混みを避けて普通に見える小さな店へ入ったと想像してください。音楽、香り、陳列、品ぞろえのすべてが思いがけず自分の好みに合います。続いて表示される説明と発話に応じて、そのときの自然な表情をしてください。,2,棚を見ていると、普段なかなか見つからず、しかも好みに合う品が続けて見つかります。店員が少し離れたところから見ています。,その棚の商品は入荷したばかりです。お客様の雰囲気にとても合いそうですね。,喜びの笑顔｜満足した微笑み：好みに合うものが続けて見つかることで、持続する自然な笑顔を引き出します。,illustrations/scene_010_hidden_gem_shop.png
何気なく入った店がとても好みに合う場面：週末の午後、目的地を決めずに知らない通りを歩き、人混みを避けて普通に見える小さな店へ入ったと想像してください。音楽、香り、陳列、品ぞろえのすべてが思いがけず自分の好みに合います。続いて表示される説明と発話に応じて、そのときの自然な表情をしてください。,3,店員はすぐに売り込まず、あなたが同じ棚を長く見た後で近づいてきます。,ここは私も店で一番好きな棚です。急がなくていいので、ゆっくり見てください。,社交的な笑顔｜友好的な礼儀笑い：共通の興味について圧力なく話すことで、自然な社交的笑顔を引き出します。,illustrations/scene_010_hidden_gem_shop.png
何気なく入った店がとても好みに合う場面：週末の午後、目的地を決めずに知らない通りを歩き、人混みを避けて普通に見える小さな店へ入ったと想像してください。音楽、香り、陳列、品ぞろえのすべてが思いがけず自分の好みに合います。続いて表示される説明と発話に応じて、そのときの自然な表情をしてください。,4,店の品ぞろえを何気なく褒めると、店員はあなたが選んだ品を見ます。,よく分かっていらっしゃいますね。選んだものは、どれも私が売るのを惜しいと思っている品です。,はにかみ笑い｜褒められた照れ笑い：軽い個人的な称賛によって、嬉しさと照れを含む笑顔を引き出します。,illustrations/scene_010_hidden_gem_shop.png
何気なく入った店がとても好みに合う場面：週末の午後、目的地を決めずに知らない通りを歩き、人混みを避けて普通に見える小さな店へ入ったと想像してください。音楽、香り、陳列、品ぞろえのすべてが思いがけず自分の好みに合います。続いて表示される説明と発話に応じて、そのときの自然な表情をしてください。,5,隅で子どもの頃の記憶につながる小物を見つけ、店員がその来歴を説明します。,これは何十年も続いた古い店から譲り受けたものです。前の店主がずっと大切に保管していました。,優しい笑顔｜懐かしい温かな笑顔：穏やかな個人的記憶と親切な語りによって、柔らかな笑顔を引き出します。,illustrations/scene_010_hidden_gem_shop.png
何気なく入った店がとても好みに合う場面：週末の午後、目的地を決めずに知らない通りを歩き、人混みを避けて普通に見える小さな店へ入ったと想像してください。音楽、香り、陳列、品ぞろえのすべてが思いがけず自分の好みに合います。続いて表示される説明と発話に応じて、そのときの自然な表情をしてください。,6,店を出る前に場所をスマートフォンへ保存すると、店員が気づいて挨拶します。,また時間があるときに来てください。数日後には、今日選んだものと似た雰囲気の商品も入りますよ。,喜びの笑顔｜よい店を発見した笑顔：偶然の発見が今後の期待に変わることで、軽やかで満足した笑顔を引き出します。,illustrations/scene_010_hidden_gem_shop.png
長く待って予約した店がおいしくなかった場面：評判のよい店を一か月以上前に予約し、その夜の予定を空けていたと想像してください。友人と時間どおりに着き、雰囲気はよく見えますが、料理は最初の一口から期待とは大きく違います。続いて表示される説明と発話に応じて、そのときの自然な表情をしてください。,1,最初の料理は見た目がきれいですが、味が薄く、温度も適切ではありません。友人があなたの反応を見ています。,どう？その表情を見ると、期待していた味とは少し違うみたいだね。,苦笑｜期待外れの苦笑：大きな期待と最初の味の落差によって、失望しながらも抑えた笑顔を引き出します。,illustrations/scene_011_disappointing_restaurant.png
長く待って予約した店がおいしくなかった場面：評判のよい店を一か月以上前に予約し、その夜の予定を空けていたと想像してください。友人と時間どおりに着き、雰囲気はよく見えますが、料理は最初の一口から期待とは大きく違います。続いて表示される説明と発話に応じて、そのときの自然な表情をしてください。,2,友人も一口食べ、少し黙ってからあなたを見ます。,なるほど。最初の一口が変だと思ったのは、私だけじゃなかったんだね。,苦笑｜通じ合う苦笑：言葉にしなくても共有される失望によって、同調する苦笑を引き出します。,illustrations/scene_011_disappointing_restaurant.png
長く待って予約した店がおいしくなかった場面：評判のよい店を一か月以上前に予約し、その夜の予定を空けていたと想像してください。友人と時間どおりに着き、雰囲気はよく見えますが、料理は最初の一口から期待とは大きく違います。続いて表示される説明と発話に応じて、そのときの自然な表情をしてください。,3,丁寧な態度の店員がテーブルへ来て、料理についての返事を待ちます。,ここまでのお料理は、すべてお口に合っていますでしょうか？,社交的な笑顔｜その場を保つ礼儀笑い：直接尋ねられても対立を避けたい気持ちによって、礼儀的な笑顔を引き出します。,illustrations/scene_011_disappointing_restaurant.png
長く待って予約した店がおいしくなかった場面：評判のよい店を一か月以上前に予約し、その夜の予定を空けていたと想像してください。友人と時間どおりに着き、雰囲気はよく見えますが、料理は最初の一口から期待とは大きく違います。続いて表示される説明と発話に応じて、そのときの自然な表情をしてください。,4,料理が少し冷たいと遠回しに伝えると、店員がすぐに対応を提案します。,大変申し訳ございません。すぐに温め直します。お知らせいただきありがとうございます。,社交的な笑顔｜場を和らげる笑顔：不満を伝えた後に関係を修復することで、控えめで友好的な笑顔を引き出します。,illustrations/scene_011_disappointing_restaurant.png
長く待って予約した店がおいしくなかった場面：評判のよい店を一か月以上前に予約し、その夜の予定を空けていたと想像してください。友人と時間どおりに着き、雰囲気はよく見えますが、料理は最初の一口から期待とは大きく違います。続いて表示される説明と発話に応じて、そのときの自然な表情をしてください。,5,最も期待していた看板料理もおいしくありません。友人はフォークを置き、声を落とします。,最初の一皿だけの失敗じゃなかったね。この食事はもう挽回できそうにない。,苦笑｜やるせない苦笑：二度目の失望で残っていた期待もなくなることで、明らかなやるせなさを引き出します。,illustrations/scene_011_disappointing_restaurant.png
長く待って予約した店がおいしくなかった場面：評判のよい店を一か月以上前に予約し、その夜の予定を空けていたと想像してください。友人と時間どおりに着き、雰囲気はよく見えますが、料理は最初の一口から期待とは大きく違います。続いて表示される説明と発話に応じて、そのときの自然な表情をしてください。,6,隣の客が同じ看板料理を一口食べ、大きな声で同行者に褒めています。,さすが評判どおりだね。今年食べた中で間違いなく一番おいしい料理だよ。,嘲笑的な笑い｜控えめな嘲笑：自分の体験と大げさな称賛の落差によって、軽く抑えた嘲笑を引き出します。,illustrations/scene_011_disappointing_restaurant.png
長く待って予約した店がおいしくなかった場面：評判のよい店を一か月以上前に予約し、その夜の予定を空けていたと想像してください。友人と時間どおりに着き、雰囲気はよく見えますが、料理は最初の一口から期待とは大きく違います。続いて表示される説明と発話に応じて、そのときの自然な表情をしてください。,7,会計は予想より高額でした。友人は伝票を見ながら皮肉を込めて食事をまとめます。,少なくとも、予約が取りにくい理由は分かったね。みんな一度、自分で確かめに来たいんだよ。,嘲笑的な笑い｜皮肉な笑顔：高い価格、評判、低い満足度の落差によって、共有する皮肉な笑顔を引き出します。,illustrations/scene_011_disappointing_restaurant.png
週末の楽しかった出来事を友人に話す場面：月曜日の昼休み、親しい同僚または友人と静かな場所で食事をしていると想像してください。相手は、あなたが週末に楽しみにしていた催しへ行ったことを知っており、どうだったか尋ねます。続いて表示される説明と発話に応じて、そのときの自然な表情をしてください。,1,月曜日の昼休み、友人はあなたが週末に待ち望んでいたイベントへ行ったことを知っていて、様子を尋ねます。,週末のイベント、どうだった？今の顔を見ると、かなり楽しかったみたいだね。,喜びの笑顔｜思い出す微笑み：肯定的な自伝的記憶を思い出すことで、自然で穏やかな笑顔を引き出します。,illustrations/scene_012_weekend_story.png
週末の楽しかった出来事を友人に話す場面：月曜日の昼休み、親しい同僚または友人と静かな場所で食事をしていると想像してください。相手は、あなたが週末に楽しみにしていた催しへ行ったことを知っており、どうだったか尋ねます。続いて表示される説明と発話に応じて、そのときの自然な表情をしてください。,2,一番面白かった場面を話し、同行した友人の反応をまねしたところです。,ちょっと待って、今のまね、そっくりすぎる。現場がどれだけ面白かったか想像できるよ。,喜びの笑顔｜朗らかな笑顔：面白い出来事を追体験し、動作をまねすることで、外にはっきり表れる共有の笑顔を引き出します。,illustrations/scene_012_weekend_story.png
週末の楽しかった出来事を友人に話す場面：月曜日の昼休み、親しい同僚または友人と静かな場所で食事をしていると想像してください。相手は、あなたが週末に楽しみにしていた催しへ行ったことを知っており、どうだったか尋ねます。続いて表示される説明と発話に応じて、そのときの自然な表情をしてください。,3,友人は真剣に聞きながら、細かい内容を何度も質問します。,続けて。本当に聞きたいんだ。そんなに面白いなら、私も一緒に行けばよかった。,優しい笑顔｜親しみのある温かな笑顔：熱心に聞かれ、関心を示されることで、親近感を伴う笑顔を引き出します。,illustrations/scene_012_weekend_story.png
週末の楽しかった出来事を友人に話す場面：月曜日の昼休み、親しい同僚または友人と静かな場所で食事をしていると想像してください。相手は、あなたが週末に楽しみにしていた催しへ行ったことを知っており、どうだったか尋ねます。続いて表示される説明と発話に応じて、そのときの自然な表情をしてください。,4,一番面白い結末を話す直前に、あなたはわざと水を飲んで止まり、友人を待たせています。,それでどうなったの？そんなところで止めないで、最後まで話してよ。,いたずらっぽい笑い｜もったいぶる笑顔：知っている結末をわざと遅らせることで、遊び心のある意味ありげな笑顔を引き出します。,illustrations/scene_012_weekend_story.png
週末の楽しかった出来事を友人に話す場面：月曜日の昼休み、親しい同僚または友人と静かな場所で食事をしていると想像してください。相手は、あなたが週末に楽しみにしていた催しへ行ったことを知っており、どうだったか尋ねます。続いて表示される説明と発話に応じて、そのときの自然な表情をしてください。,5,あまり親しくない同僚が笑い声を聞き、丁寧に会話へ加わります。,何の話をしているんですか？向こうにいても二人の笑い声が聞こえました。,社交的な笑顔｜礼儀正しく共有する笑顔：第三者が会話に加わることで、友好的な社交的笑顔を引き出します。,illustrations/scene_012_weekend_story.png
週末の楽しかった出来事を友人に話す場面：月曜日の昼休み、親しい同僚または友人と静かな場所で食事をしていると想像してください。相手は、あなたが週末に楽しみにしていた催しへ行ったことを知っており、どうだったか尋ねます。続いて表示される説明と発話に応じて、そのときの自然な表情をしてください。,6,イベント当日の写真を見せると、友人は先ほどの話と写真の場面を結びつけます。,この写真、ちょうどその瞬間を撮ってるね。思い出すたびにうれしそうになる理由が分かったよ。,喜びの笑顔｜満足した笑顔：具体的な写真で楽しい記憶が再び活性化することで、安定した喜びを引き出します。,illustrations/scene_012_weekend_story.png
傘を持たずに出かけたところ、突然雨が降る場面：天気予報が曇りだけだったので傘を持たずに出かけたと想像してください。目的地まであと10分というところで雨が急に強まり、近くには狭い軒下しかありません。続いて表示される説明と発話に応じて、そのときの自然な表情をしてください。,1,突然雨が降り始め、かばんの中に傘がないことを確認します。スマートフォンの天気アプリが音声で注意を知らせます。,現在地周辺では雨が強まっています。雨具をご用意ください。,苦笑｜やるせない笑顔：準備不足と突然の天候変化によって、軽いやるせなさを伴う笑顔を引き出します。,illustrations/scene_013_sudden_rain.png
傘を持たずに出かけたところ、突然雨が降る場面：天気予報が曇りだけだったので傘を持たずに出かけたと想像してください。目的地まであと10分というところで雨が急に強まり、近くには狭い軒下しかありません。続いて表示される説明と発話に応じて、そのときの自然な表情をしてください。,2,軒下に着いたときには靴とズボンの裾が濡れています。天気アプリが予報を更新します。,今後一時間は強い雨が続く見込みで、短時間でやむ可能性は低いでしょう。,苦笑｜苦い笑顔：すでに影響を受け、すぐには改善できないことで、失望を伴う苦笑を引き出します。,illustrations/scene_013_sudden_rain.png
傘を持たずに出かけたところ、突然雨が降る場面：天気予報が曇りだけだったので傘を持たずに出かけたと想像してください。目的地まであと10分というところで雨が急に強まり、近くには狭い軒下しかありません。続いて表示される説明と発話に応じて、そのときの自然な表情をしてください。,3,傘を持たない別の人も狭い軒下へ入り、息を整えてからあなたを見ます。,どうやら私たち二人とも、天気予報を信じすぎたみたいですね。,社交的な笑顔｜共感を伴う礼儀笑い：見知らぬ人と小さな困り事を共有することで、場を和らげる短い笑顔を引き出します。,illustrations/scene_013_sudden_rain.png
傘を持たずに出かけたところ、突然雨が降る場面：天気予報が曇りだけだったので傘を持たずに出かけたと想像してください。目的地まであと10分というところで雨が急に強まり、近くには狭い軒下しかありません。続いて表示される説明と発話に応じて、そのときの自然な表情をしてください。,4,通過した車が水たまりを跳ね、まだ乾いていた側の裾まで濡れました。隣の人が一部始終を見ています。,これで、さっきまで乾いていた方も濡れてしまいましたね。,抑えきれない笑い｜ばかばかしさへの笑い：不運が重なり状況が滑稽になることで、突然の笑いを引き出します。,illustrations/scene_013_sudden_rain.png
傘を持たずに出かけたところ、突然雨が降る場面：天気予報が曇りだけだったので傘を持たずに出かけたと想像してください。目的地まであと10分というところで雨が急に強まり、近くには狭い軒下しかありません。続いて表示される説明と発話に応じて、そのときの自然な表情をしてください。,5,遅れるかもしれないと友人に連絡すると、すぐに音声メッセージが返ってきます。,傘を持って迎えに行くから、軒下で待ってて。もう雨の中を歩かないでね。,優しい笑顔｜世話を受ける温かな笑顔：具体的な助けと気遣われる感覚によって、温かく安心した笑顔を引き出します。,illustrations/scene_013_sudden_rain.png
傘を持たずに出かけたところ、突然雨が降る場面：天気予報が曇りだけだったので傘を持たずに出かけたと想像してください。目的地まであと10分というところで雨が急に強まり、近くには狭い軒下しかありません。続いて表示される説明と発話に応じて、そのときの自然な表情をしてください。,6,友人が傘を差して角から現れ、遠くから手を振ります。,見つけたよ。そこから動かないで、すぐそっちに行くから。,喜びの笑顔｜安心した嬉しい笑顔：困った状況が終わり、親しい人が現れることで、はっきりとした安堵の笑顔を引き出します。,illustrations/scene_013_sudden_rain.png
傘を持たずに出かけたところ、突然雨が降る場面：天気予報が曇りだけだったので傘を持たずに出かけたと想像してください。目的地まであと10分というところで雨が急に強まり、近くには狭い軒下しかありません。続いて表示される説明と発話に応じて、そのときの自然な表情をしてください。,7,小さすぎる一本の傘に二人で入り、帰り道を歩きます。友人はずぶ濡れのあなたを見て、ついに口を開きます。,今の姿、本当にプールから引き上げられたばかりみたいだよ。,苦笑｜自嘲の笑顔：安全になった後で濡れた姿を振り返ることで、やるせなさと安心を伴う自嘲の笑顔を引き出します。,illustrations/scene_013_sudden_rain.png
テレビドラマが円満な結末を迎える場面：長く見続けてきたドラマの最終回を、一人で静かな部屋で見ていると想像してください。主人公たちは何度も誤解や別れを経験し、最終回の直前まで結末が心配でしたが、物語は最後に円満にまとまります。続いて表示される説明と発話に応じて、そのときの自然な表情をしてください。,1,最終回の終盤、すれ違い続けた二人が人混みの中でようやく会い、一人が先に話します。,やっと見つけた。今度こそ、もう君を目の前からいなくならせない。,喜びの笑顔｜期待の微笑み：長く物語を追ってきた蓄積と結末への期待によって、持続する笑顔を引き出します。,illustrations/scene_014_happy_ending.png
テレビドラマが円満な結末を迎える場面：長く見続けてきたドラマの最終回を、一人で静かな部屋で見ていると想像してください。主人公たちは何度も誤解や別れを経験し、最終回の直前まで結末が心配でしたが、物語は最後に円満にまとまります。続いて表示される説明と発話に応じて、そのときの自然な表情をしてください。,2,二人は向かい合い、互いにしか意味が分からない言葉を一人が口にします。,あのときの真実はもう分かった。僕たちの誤解は今日で終わりにしよう。,喜びの笑顔｜安堵の笑顔：長く続いた不確かさが解消されることで、はっきりとした安心の笑顔を引き出します。,illustrations/scene_014_happy_ending.png
テレビドラマが円満な結末を迎える場面：長く見続けてきたドラマの最終回を、一人で静かな部屋で見ていると想像してください。主人公たちは何度も誤解や別れを経験し、最終回の直前まで結末が心配でしたが、物語は最後に円満にまとまります。続いて表示される説明と発話に応じて、そのときの自然な表情をしてください。,3,画面は、多くの困難を越えた別の二人へ移り、これからを一緒に過ごすことを確認します。,これからはどこへ行くときも一緒に行こう。もうどちらも一人で待たなくていい。,優しい笑顔｜満足を伴う温かな笑顔：登場人物の関係が大切に扱われることで、穏やかな満足の笑顔を引き出します。,illustrations/scene_014_happy_ending.png
テレビドラマが円満な結末を迎える場面：長く見続けてきたドラマの最終回を、一人で静かな部屋で見ていると想像してください。主人公たちは何度も誤解や別れを経験し、最終回の直前まで結末が心配でしたが、物語は最後に円満にまとまります。続いて表示される説明と発話に応じて、そのときの自然な表情をしてください。,4,物語は第一話に登場した場所へ戻り、登場人物が過去とのつながりに気づきます。,初めてここへ来たときに話したこと、まだ覚えていたんだね。,喜びの笑顔｜満足した笑顔：伏線が回収され構成が完結することで、満足の笑顔を引き出します。,illustrations/scene_014_happy_ending.png
テレビドラマが円満な結末を迎える場面：長く見続けてきたドラマの最終回を、一人で静かな部屋で見ていると想像してください。主人公たちは何度も誤解や別れを経験し、最終回の直前まで結末が心配でしたが、物語は最後に円満にまとまります。続いて表示される説明と発話に応じて、そのときの自然な表情をしてください。,5,普段は厳しい脇役が結婚式で立ち上がり、祝福の言葉を述べます。,きれいなことは言えないけど、二人がけんかするときは、まず僕がケーキを食べ終わるまで待ってください。,抑えきれない笑い｜突然の笑い：緊張が解けた後の意外な対比によって、素早く生じる笑いを引き出します。,illustrations/scene_014_happy_ending.png
テレビドラマが円満な結末を迎える場面：長く見続けてきたドラマの最終回を、一人で静かな部屋で見ていると想像してください。主人公たちは何度も誤解や別れを経験し、最終回の直前まで結末が心配でしたが、物語は最後に円満にまとまります。続いて表示される説明と発話に応じて、そのときの自然な表情をしてください。,6,字幕が終わると、制作陣から視聴者への短いメッセージが表示されます。,この登場人物たちを最後まで見守ってくれて、ありがとうございました。あなたにも幸せな結末が訪れますように。,優しい笑顔｜名残惜しい笑顔：円満な結末と別れが同時に生じることで、優しさと名残惜しさを含む笑顔を引き出します。,illustrations/scene_014_happy_ending.png
自分のペットと遊ぶ場面：時間を気にしなくてよい夕方、帰宅すると、普段から親しいペットが玄関で待っており、元気よくお気に入りのおもちゃを持ってきたと想像してください。そばでは、よく知る家族もくつろいでいます。続いて表示される説明と発話に応じて、そのときの自然な表情をしてください。,1,帰宅すると、ペットがあなたの周りを何度も回り、お気に入りのおもちゃを足元に置きます。そばにいた家族も見ています。,さっきからずっと玄関で待ってたよ。君が帰ってきた途端、もう君しか見えてないね。,優しい笑顔｜愛情深い笑顔：親しいペットの出迎えと愛着行動によって、愛情を含む笑顔を引き出します。,illustrations/scene_015_pet_play.png
自分のペットと遊ぶ場面：時間を気にしなくてよい夕方、帰宅すると、普段から親しいペットが玄関で待っており、元気よくお気に入りのおもちゃを持ってきたと想像してください。そばでは、よく知る家族もくつろいでいます。続いて表示される説明と発話に応じて、そのときの自然な表情をしてください。,2,おもちゃを投げると、ペットは曲がるときに滑りますが、何もなかったように追い続けます。家族が一部始終を見ました。,今、絶対に滑ったのに、何もなかったふりをしてそのまま走っていったね。,喜びの笑顔｜楽しい笑い：害のない予想外の滑稽な動きによって、自然な笑いを引き出します。,illustrations/scene_015_pet_play.png
自分のペットと遊ぶ場面：時間を気にしなくてよい夕方、帰宅すると、普段から親しいペットが玄関で待っており、元気よくお気に入りのおもちゃを持ってきたと想像してください。そばでは、よく知る家族もくつろいでいます。続いて表示される説明と発話に応じて、そのときの自然な表情をしてください。,3,ペットはおもちゃを持ち帰りますが、あなたが手を伸ばすと一歩下がります。家族は遊びの意図に気づきます。,渡したくないんじゃなくて、わざと追いかけてもらおうとしてるんだよ。,喜びの笑顔｜遊びを共有する笑顔：ペットの働きかけと一緒に遊ぶ感覚によって、軽やかな笑顔を引き出します。,illustrations/scene_015_pet_play.png
自分のペットと遊ぶ場面：時間を気にしなくてよい夕方、帰宅すると、普段から親しいペットが玄関で待っており、元気よくお気に入りのおもちゃを持ってきたと想像してください。そばでは、よく知る家族もくつろいでいます。続いて表示される説明と発話に応じて、そのときの自然な表情をしてください。,4,無視するふりをすると、ペットはすぐに頭を膝に乗せて見上げます。,ほら、相手にしてもらえないと分かった途端、すぐにこの方法に変えたよ。,優しい笑顔｜心が和らぐ笑顔：愛着と穏やかな甘えによって、柔らかな笑顔を引き出します。,illustrations/scene_015_pet_play.png
自分のペットと遊ぶ場面：時間を気にしなくてよい夕方、帰宅すると、普段から親しいペットが玄関で待っており、元気よくお気に入りのおもちゃを持ってきたと想像してください。そばでは、よく知る家族もくつろいでいます。続いて表示される説明と発話に応じて、そのときの自然な表情をしてください。,5,おやつを出した瞬間、ペットはきれいに座ります。家族は先ほどまでの様子を思い出します。,さっきまであんなに騒いでたのに、おやつを見たら急に世界で一番お利口になったね。,喜びの笑顔｜朗らかな笑顔：行動の急な変化によって、はっきりした笑顔を引き出します。,illustrations/scene_015_pet_play.png
自分のペットと遊ぶ場面：時間を気にしなくてよい夕方、帰宅すると、普段から親しいペットが玄関で待っており、元気よくお気に入りのおもちゃを持ってきたと想像してください。そばでは、よく知る家族もくつろいでいます。続いて表示される説明と発話に応じて、そのときの自然な表情をしてください。,6,同じ簡単な芸を何度も間違えながら、ペットは回を重ねるほど興奮します。家族が声をかけます。,もう一回やらせてみて。たぶん指示は全然聞いてなくて、ただ楽しいだけだよ。,抑えきれない笑い｜こらえきれない笑い：同じ間違いと高まる興奮によって、何度も笑いが戻る反応を引き出します。,illustrations/scene_015_pet_play.png
自分のペットと遊ぶ場面：時間を気にしなくてよい夕方、帰宅すると、普段から親しいペットが玄関で待っており、元気よくお気に入りのおもちゃを持ってきたと想像してください。そばでは、よく知る家族もくつろいでいます。続いて表示される説明と発話に応じて、そのときの自然な表情をしてください。,7,遊び疲れたペットはあなたの隣で眠り、おもちゃに前足を置いたままです。家族が小声で話します。,眠ってもおもちゃを離さないね。本当に君と遊ぶのが好きなんだろうね。,優しい笑顔｜慈しむ笑顔：安心した信頼と落ち着いた同伴によって、静かで持続する笑顔を引き出します。,illustrations/scene_015_pet_play.png
好きな子どもと遊ぶ場面：親戚や友人の家で、普段から好きで親しい4～6歳の子どもと積み木で遊んでいると想像してください。子どもはあなたを信頼し、率直に気持ちを表します。現実の養育上の危険を担う場面ではありません。続いて表示される説明と発話に応じて、そのときの自然な表情をしてください。,1,子どもが走ってきて、作りかけの積み木を見せるためにあなたを引っ張ります。,早く見て！僕が作ったお城だよ。本物みたいに見える？,優しい笑顔｜励ます温かな笑顔：成果を共有し認めてもらおうとする子どもに対して、支える笑顔を引き出します。,illustrations/scene_016_child_play.png
好きな子どもと遊ぶ場面：親戚や友人の家で、普段から好きで親しい4～6歳の子どもと積み木で遊んでいると想像してください。子どもはあなたを信頼し、率直に気持ちを表します。現実の養育上の危険を担う場面ではありません。続いて表示される説明と発話に応じて、そのときの自然な表情をしてください。,2,子どもは積み木を一つ手渡し、自分の隣の場所を指さします。,ここに座って一緒に作って。この積み木は、君だけが置いていいんだよ。,優しい笑顔｜親しみのある笑顔：直接的な誘いと信頼によって、柔らかな親近感の笑顔を引き出します。,illustrations/scene_016_child_play.png
好きな子どもと遊ぶ場面：親戚や友人の家で、普段から好きで親しい4～6歳の子どもと積み木で遊んでいると想像してください。子どもはあなたを信頼し、率直に気持ちを表します。現実の養育上の危険を担う場面ではありません。続いて表示される説明と発話に応じて、そのときの自然な表情をしてください。,3,わざと積み木を間違った場所に置くと、子どもはすぐ先生のような口調になります。,違う、違う。これはここに置くの。僕が正しい作り方を教えてあげる。,喜びの笑顔｜楽しい笑顔：役割の逆転と子どもの真剣さによって、自然な喜びを引き出します。,illustrations/scene_016_child_play.png
好きな子どもと遊ぶ場面：親戚や友人の家で、普段から好きで親しい4～6歳の子どもと積み木で遊んでいると想像してください。子どもはあなたを信頼し、率直に気持ちを表します。現実の養育上の危険を担う場面ではありません。続いて表示される説明と発話に応じて、そのときの自然な表情をしてください。,4,家族が手を洗うよう呼びかけると、子どもはあなたの腕を抱えて離れません。,あと五分だけ遊んで。五分だけでいいから、その後すぐ手を洗うよ。,優しい笑顔｜愛情深い笑顔：害のない甘えと愛着によって、愛情と少しの困惑を含む笑顔を引き出します。,illustrations/scene_016_child_play.png
好きな子どもと遊ぶ場面：親戚や友人の家で、普段から好きで親しい4～6歳の子どもと積み木で遊んでいると想像してください。子どもはあなたを信頼し、率直に気持ちを表します。現実の養育上の危険を担う場面ではありません。続いて表示される説明と発話に応じて、そのときの自然な表情をしてください。,5,手を洗ったら続きをすると約束しても、子どもは腕を離さず、確認するように見上げます。,本当に帰らない？僕が戻ってくるまで、ここで待っててね。,優しい笑顔｜慈しむ笑顔：軽い別離不安と安心を求める気持ちによって、思いやりのある笑顔を引き出します。,illustrations/scene_016_child_play.png
好きな子どもと遊ぶ場面：親戚や友人の家で、普段から好きで親しい4～6歳の子どもと積み木で遊んでいると想像してください。子どもはあなたを信頼し、率直に気持ちを表します。現実の養育上の危険を担う場面ではありません。続いて表示される説明と発話に応じて、そのときの自然な表情をしてください。,6,子どもがあなたから離れない様子を見て、家族が笑いながら説明します。,今日は誰の言うことも聞かなかったのに、今はあなたの言うことだけ聞くみたいですね。,社交的な笑顔｜照れを伴う礼儀笑い：親しい関係を人前で指摘されることで、はにかみを含む社交的笑顔を引き出します。,illustrations/scene_016_child_play.png
他人が嫌な行動をしたときの場面：架空のグループ活動で、普段ほとんど作業をしないメンバーが、発表中に何度も人の話を遮り、チームの成果を主に自分のものとして説明していると想像してください。続いて表示される説明と発話に応じて、そのときの自然な表情をしてください。,1,グループ発表で、普段ほとんど仕事をしないメンバーが他の人より先に答えます。,この部分は私が一番詳しいので、チームの代わりに私が答えます。,嘲笑的な笑い｜軽蔑を含む冷笑：実際の貢献と本人の主張の落差によって、抑えた軽蔑の笑顔を引き出します。,illustrations/scene_017_annoying_behavior.png
他人が嫌な行動をしたときの場面：架空のグループ活動で、普段ほとんど作業をしないメンバーが、発表中に何度も人の話を遮り、チームの成果を主に自分のものとして説明していると想像してください。続いて表示される説明と発話に応じて、そのときの自然な表情をしてください。,2,司会者がチームの準備を褒めると、そのメンバーがすぐに言葉を続けます。,今回ここまで準備できたのは、主に私が全員へ自分の基準を守るよう求めてきたからです。,嘲笑的な笑い｜嘲る笑顔：明らかな手柄の横取りと自己賛美によって、短い否定的な笑顔を引き出します。,illustrations/scene_017_annoying_behavior.png
他人が嫌な行動をしたときの場面：架空のグループ活動で、普段ほとんど作業をしないメンバーが、発表中に何度も人の話を遮り、チームの成果を主に自分のものとして説明していると想像してください。続いて表示される説明と発話に応じて、そのときの自然な表情をしてください。,3,あなたが話す番になると、そのメンバーが近づき、指導するような口調で助言します。,細かく説明しすぎない方がいいですよ。ここにいる人には理解できないかもしれません。,嘲笑的な笑い｜軽蔑の笑顔：根拠のない優越的な態度によって、軽蔑を含む笑顔を引き出します。,illustrations/scene_017_annoying_behavior.png
他人が嫌な行動をしたときの場面：架空のグループ活動で、普段ほとんど作業をしないメンバーが、発表中に何度も人の話を遮り、チームの成果を主に自分のものとして説明していると想像してください。続いて表示される説明と発話に応じて、そのときの自然な表情をしてください。,4,そのメンバーの担当部分に誤りが見つかると、すぐに原因を説明し始めます。,その箇所は後から誰かが変更したのでしょう。私の元の版にはありませんでした。,嘲笑的な笑い｜皮肉な笑顔：手柄は取り責任は移す二重基準によって、嘲笑的な笑顔を引き出します。,illustrations/scene_017_annoying_behavior.png
他人が嫌な行動をしたときの場面：架空のグループ活動で、普段ほとんど作業をしないメンバーが、発表中に何度も人の話を遮り、チームの成果を主に自分のものとして説明していると想像してください。続いて表示される説明と発話に応じて、そのときの自然な表情をしてください。,5,会議は続いています。実際の分担をあなたが説明すると、そのメンバーは表面上受け入れます。,分かりました。そこまで細部を説明したいなら、あなたのやり方で続けてください。,社交的な笑顔｜抑えた仕事上の笑顔：職業上の規範と衝突を抑える必要によって、本当の喜びではない礼儀笑いを引き出します。,illustrations/scene_017_annoying_behavior.png
他人が嫌な行動をしたときの場面：架空のグループ活動で、普段ほとんど作業をしないメンバーが、発表中に何度も人の話を遮り、チームの成果を主に自分のものとして説明していると想像してください。続いて表示される説明と発話に応じて、そのときの自然な表情をしてください。,6,会議後、そのメンバーは何も問題がなかったように協力関係を評価します。,今日はみんな、まずまず協力できていました。ほぼ私の期待どおりです。,嘲笑的な笑い｜冷笑：行動と自己評価の食い違いによって、距離を置く冷笑を引き出します。,illustrations/scene_017_annoying_behavior.png
他人が嫌な行動をしたときの場面：架空のグループ活動で、普段ほとんど作業をしないメンバーが、発表中に何度も人の話を遮り、チームの成果を主に自分のものとして説明していると想像してください。続いて表示される説明と発話に応じて、そのときの自然な表情をしてください。,7,席に戻ると、今後もその人と仕事を続けると分かります。相手が次の作業を伝えに来ます。,次の仕事も私たちで組みましょう。もっと私のやり方に合わせれば、あなたも楽になりますよ。,苦笑｜やるせない苦笑：嫌なやり取りを避けられないことで、疲れとやるせなさを伴う笑顔を引き出します。,illustrations/scene_017_annoying_behavior.png
害のないいたずらをする場面：軽い冗談を受け入れてくれる親しい友人の誕生日に、本当の贈り物を冷蔵庫へ隠したと想像してください。机には何重もの箱を入れ子にした偽物の贈り物があり、各層に次の手がかりがあります。続いて表示される説明と発話に応じて、そのときの自然な表情をしてください。,1,友人が来る前に、協力者と何重にもしたプレゼント箱の順番を確認します。協力者が小声で計画を確かめます。,箱の順番は全部合ってる。何も知らないふりをして、絶対に早く笑わないでね。,いたずらっぽい笑い｜計画する笑顔：害のない計画と共有する秘密によって、遊び心と計算を含む笑顔を引き出します。,illustrations/scene_018_harmless_prank.png
害のないいたずらをする場面：軽い冗談を受け入れてくれる親しい友人の誕生日に、本当の贈り物を冷蔵庫へ隠したと想像してください。机には何重もの箱を入れ子にした偽物の贈り物があり、各層に次の手がかりがあります。続いて表示される説明と発話に応じて、そのときの自然な表情をしてください。,2,友人は机の大きな箱を見て、部屋にいる全員が不自然に静かなことに気づきます。,今日はどうしてみんな静かなの？何か僕に隠してる？,いたずらっぽい笑い｜意図を隠す笑顔：知っていることを隠す葛藤によって、完全には抑えにくい笑顔を引き出します。,illustrations/scene_018_harmless_prank.png
害のないいたずらをする場面：軽い冗談を受け入れてくれる親しい友人の誕生日に、本当の贈り物を冷蔵庫へ隠したと想像してください。机には何重もの箱を入れ子にした偽物の贈り物があり、各層に次の手がかりがあります。続いて表示される説明と発話に応じて、そのときの自然な表情をしてください。,3,友人は一つ目の箱を開け、中にもう一つ箱があるのを見て、疑うようにあなたを見ます。,どうして中にまた箱があるの？まさか、これを考えたのは君じゃないよね。,いたずらっぽい笑い｜意味ありげな笑顔：相手が気づき始めても結末は知らない状況によって、情報差を含む笑顔を引き出します。,illustrations/scene_018_harmless_prank.png
害のないいたずらをする場面：軽い冗談を受け入れてくれる親しい友人の誕生日に、本当の贈り物を冷蔵庫へ隠したと想像してください。机には何重もの箱を入れ子にした偽物の贈り物があり、各層に次の手がかりがあります。続いて表示される説明と発話に応じて、そのときの自然な表情をしてください。,4,三つ目の箱を開けたところで、友人は仕掛けた人が分かったように、わざと手を止めます。,もう誰が考えたか分かったよ。今のうちに自分から白状した方がいい。,いたずらっぽい笑い｜忍び笑い：正体が明らかになりかける緊張と仲間の秘密によって、抑えた笑顔を引き出します。,illustrations/scene_018_harmless_prank.png
害のないいたずらをする場面：軽い冗談を受け入れてくれる親しい友人の誕生日に、本当の贈り物を冷蔵庫へ隠したと想像してください。机には何重もの箱を入れ子にした偽物の贈り物があり、各層に次の手がかりがあります。続いて表示される説明と発話に応じて、そのときの自然な表情をしてください。,5,最後の箱には、本当のプレゼントの場所を示す紙だけが入っています。,本当のプレゼントは、いつも食べ物を探す場所？まさか冷蔵庫に隠したの？,いたずらっぽい笑い｜種明かし直前の笑顔：結末がもうすぐ分かる期待によって、得意で遊び心のある笑顔を引き出します。,illustrations/scene_018_harmless_prank.png
害のないいたずらをする場面：軽い冗談を受け入れてくれる親しい友人の誕生日に、本当の贈り物を冷蔵庫へ隠したと想像してください。机には何重もの箱を入れ子にした偽物の贈り物があり、各層に次の手がかりがあります。続いて表示される説明と発話に応じて、そのときの自然な表情をしてください。,6,友人は冷蔵庫で本当のプレゼントを見つけ、驚きから落ち着いてみんなを見ます。,ずいぶん手の込んだことをしたね。でも、このサプライズは本当にうれしい。,喜びの笑顔｜喜びを共有する笑顔：いたずらが安全に終わり、本当の贈り物が現れることで、心からの笑顔を引き出します。,illustrations/scene_018_harmless_prank.png
害のないいたずらをする場面：軽い冗談を受け入れてくれる親しい友人の誕生日に、本当の贈り物を冷蔵庫へ隠したと想像してください。机には何重もの箱を入れ子にした偽物の贈り物があり、各層に次の手がかりがあります。続いて表示される説明と発話に応じて、そのときの自然な表情をしてください。,7,友人は箱を一つずつ開けたときの自分の反応を再現し、周りの人も思い出します。,見て、三つ目の箱では本当にこんな顔をしてた。次こそ本物だって信じてたんだよ。,抑えきれない笑い｜感染する大笑い：集団の笑いと繰り返す物まねによって、止めにくい笑いを引き出します。,illustrations/scene_018_harmless_prank.png
集まりで見知らぬ人と話す場面：友人が開いた小さな集まりに参加したと想像してください。ほとんどの人は互いに知り合いですが、あなたが知っているのは主催者だけです。親しみやすい見知らぬ人が静かな場所で話しかけてきます。続いて表示される説明と発話に応じて、そのときの自然な表情をしてください。,1,小さなパーティーで、感じの良い初対面の人が近づき、自己紹介の後、共通の知人について尋ねます。,こんにちは。主催者とは職場が同じです。あなたはどうやって知り合ったんですか？,社交的な笑顔｜礼儀笑い：安全な共通の知人の話題によって、儀礼的な笑顔を引き出します。,illustrations/scene_019_party_stranger.png
集まりで見知らぬ人と話す場面：友人が開いた小さな集まりに参加したと想像してください。ほとんどの人は互いに知り合いですが、あなたが知っているのは主催者だけです。親しみやすい見知らぬ人が静かな場所で話しかけてきます。続いて表示される説明と発話に応じて、そのときの自然な表情をしてください。,2,共通の知人について確認した後、相手は話しやすい別の話題を選びます。,ご出身はどちらですか？近くの町へ行ったことがあって、とても良い印象が残っています。,社交的な笑顔｜会話を保つ笑顔：負担の少ない個人情報の交換によって、持続する友好的な笑顔を引き出します。,illustrations/scene_019_party_stranger.png
集まりで見知らぬ人と話す場面：友人が開いた小さな集まりに参加したと想像してください。ほとんどの人は互いに知り合いですが、あなたが知っているのは主催者だけです。親しみやすい見知らぬ人が静かな場所で話しかけてきます。続いて表示される説明と発話に応じて、そのときの自然な表情をしてください。,3,相手はあなたの名前を間違えて呼び、すぐに気づいて謝ります。,すみません、今お名前を間違えてしまいました。気を悪くしないでください。,社交的な笑顔｜場を和らげる笑顔：小さな失敗と関係修復によって、相手を安心させる笑顔を引き出します。,illustrations/scene_019_party_stranger.png
集まりで見知らぬ人と話す場面：友人が開いた小さな集まりに参加したと想像してください。ほとんどの人は互いに知り合いですが、あなたが知っているのは主催者だけです。親しみやすい見知らぬ人が静かな場所で話しかけてきます。続いて表示される説明と発話に応じて、そのときの自然な表情をしてください。,4,主催者が二人の会話に気づき、冗談を言いながら近づいてきます。,もうすっかり話が合ってるみたいだね。今さら僕が改めて紹介する必要はないかな？,はにかみ笑い｜照れ笑い：第三者の好意的な含みと観察される感覚によって、控えめな笑顔を引き出します。,illustrations/scene_019_party_stranger.png
集まりで見知らぬ人と話す場面：友人が開いた小さな集まりに参加したと想像してください。ほとんどの人は互いに知り合いですが、あなたが知っているのは主催者だけです。親しみやすい見知らぬ人が静かな場所で話しかけてきます。続いて表示される説明と発話に応じて、そのときの自然な表情をしてください。,5,初対面の相手との間に短い沈黙が生まれ、相手がそれを率直に認めます。,無難な話題は、もう全部使い切ってしまいましたかね。,はにかみ笑い｜気まずい笑顔：双方が沈黙を意識することで、場を和らげる笑顔を引き出します。,illustrations/scene_019_party_stranger.png
集まりで見知らぬ人と話す場面：友人が開いた小さな集まりに参加したと想像してください。ほとんどの人は互いに知り合いですが、あなたが知っているのは主催者だけです。親しみやすい見知らぬ人が静かな場所で話しかけてきます。続いて表示される説明と発話に応じて、そのときの自然な表情をしてください。,6,二人とも同じ知名度の低い作品が好きだと分かり、相手がファンにしか分からない細部を口にします。,あなたも見たんですか？最後の、台詞がまったくない長い場面が今でも忘れられません。,喜びの笑顔｜共感する嬉しい笑顔：儀礼的な会話から本当の共通関心へ移ることで、自然な喜びを引き出します。,illustrations/scene_019_party_stranger.png
互いに好意を持つ相手と初めて二人で会う場面：何度か話したことがあり、互いに好意を感じている相手と、初めて二人だけで喫茶店にいると想像してください。会話は順調ですが、二人とも普通の友人との約束より特別だと分かっています。続いて表示される説明と発話に応じて、そのときの自然な表情をしてください。,1,相手は約束より早く来ていて、あなたを見るとすぐ立ち上がり、緊張していたことを認めます。,会ったら最初に何を言えばいいか、さっきからずっと考えていました。,はにかみ笑い｜緊張した照れ笑い：互いの緊張と期待が認められることで、控えめな笑顔を引き出します。,illustrations/scene_020_first_date.png
互いに好意を持つ相手と初めて二人で会う場面：何度か話したことがあり、互いに好意を感じている相手と、初めて二人だけで喫茶店にいると想像してください。会話は順調ですが、二人とも普通の友人との約束より特別だと分かっています。続いて表示される説明と発話に応じて、そのときの自然な表情をしてください。,2,席に着くと、相手がずっと前に何気なく話した飲み物の好みを覚えていたと分かります。,この味が好きだと言っていたのを覚えていたので、先に店員さんへ聞きました。今日はあるそうです。,優しい笑顔｜大切にされた甘い笑顔：細部を覚えてもらい気遣われることで、親しさを伴う温かな笑顔を引き出します。,illustrations/scene_020_first_date.png
互いに好意を持つ相手と初めて二人で会う場面：何度か話したことがあり、互いに好意を感じている相手と、初めて二人だけで喫茶店にいると想像してください。会話は順調ですが、二人とも普通の友人との約束より特別だと分かっています。続いて表示される説明と発話に応じて、そのときの自然な表情をしてください。,3,会話が落ち着くと、相手が真剣にあなたを見て、実際に会った感想を伝えます。,実際に会うと、メッセージで話すとき以上に安心できます。あなたが来てから緊張しなくなりました。,はにかみ笑い｜唇を結んだ笑顔：直接的な称賛と注目によって、視線をそらす控えめな笑顔を引き出します。,illustrations/scene_020_first_date.png
互いに好意を持つ相手と初めて二人で会う場面：何度か話したことがあり、互いに好意を感じている相手と、初めて二人だけで喫茶店にいると想像してください。会話は順調ですが、二人とも普通の友人との約束より特別だと分かっています。続いて表示される説明と発話に応じて、そのときの自然な表情をしてください。,4,二人が同時に紙ナプキンへ手を伸ばし、触れてから同時に手を引きます。相手が先に口を開きます。,紙ナプキンを取るタイミングまで同じなんですね。,はにかみ笑い｜気まずさと甘さのある笑顔：予想外の接触と同時の反応によって、照れと喜びの混じる笑顔を引き出します。,illustrations/scene_020_first_date.png
互いに好意を持つ相手と初めて二人で会う場面：何度か話したことがあり、互いに好意を感じている相手と、初めて二人だけで喫茶店にいると想像してください。会話は順調ですが、二人とも普通の友人との約束より特別だと分かっています。続いて表示される説明と発話に応じて、そのときの自然な表情をしてください。,5,相手は最近の重圧について話し、今日会ったことと現在の気持ちを結びつけます。,でも今日は会えて、かなり楽になりました。こんな話まで聞いてくれて、ありがとう。,優しい笑顔｜思いやりのある笑顔：感情を打ち明けられ信頼されることで、思いやりのある笑顔を引き出します。,illustrations/scene_020_first_date.png
互いに好意を持つ相手と初めて二人で会う場面：何度か話したことがあり、互いに好意を感じている相手と、初めて二人だけで喫茶店にいると想像してください。会話は順調ですが、二人とも普通の友人との約束より特別だと分かっています。続いて表示される説明と発話に応じて、そのときの自然な表情をしてください。,6,帰る準備をしていると、相手はすぐに別れを告げず、次の予定を慎重に提案します。,来週、別のお店にも一緒に行きませんか？もう少しあなたと話したいです。,喜びの笑顔｜期待を伴う嬉しい笑顔：関係が前向きに続くことで、自然で明るい笑顔を引き出します。,illustrations/scene_020_first_date.png
正体を隠すボードゲームの場面：金銭の関わらない正体隠匿ゲームを親しい友人と遊んでいると想像してください。自分は正体を隠す役を引き、ルール上、相手を惑わせたり推理したりできます。全員が対立を遊びとして楽しんでいます。続いて表示される説明と発話に応じて、そのときの自然な表情をしてください。,1,自分の正体カードを見て伏せると、友人がすぐにあなたの反応を観察します。,カードを見た後、どうして急に静かになったの？その役、何か怪しいと思う。,いたずらっぽい笑い｜意図を隠す笑顔：秘密の情報を持ちながら自分を制御することで、意味を読み取りにくい笑顔を引き出します。,illustrations/scene_021_hidden_role_game.png
正体を隠すボードゲームの場面：金銭の関わらない正体隠匿ゲームを親しい友人と遊んでいると想像してください。自分は正体を隠す役を引き、ルール上、相手を惑わせたり推理したりできます。全員が対立を遊びとして楽しんでいます。続いて表示される説明と発話に応じて、そのときの自然な表情をしてください。,2,友人はさらにあなたを見つめ、先ほど気づいた変化を直接指摘します。,カードを見たときに表情が変わったよ。もうごまかさないで、すでに疑ってるから。,いたずらっぽい笑い｜疑いに応じる笑顔：秘密を守りながら探られることで、機敏で遊び心のある笑顔を引き出します。,illustrations/scene_021_hidden_role_game.png
正体を隠すボードゲームの場面：金銭の関わらない正体隠匿ゲームを親しい友人と遊んでいると想像してください。自分は正体を隠す役を引き、ルール上、相手を惑わせたり推理したりできます。全員が対立を遊びとして楽しんでいます。続いて表示される説明と発話に応じて、そのときの自然な表情をしてください。,3,議論を別のプレイヤーへ向けることに成功し、その人が真剣に反論し始めます。,どうして急にみんな僕を疑うの？最初に話題をそらした人の方がずっと怪しいよ。,いたずらっぽい笑い｜戦略的な笑顔：作戦が一時的に成功することで、抑えた満足の笑顔を引き出します。,illustrations/scene_021_hidden_role_game.png
正体を隠すボードゲームの場面：金銭の関わらない正体隠匿ゲームを親しい友人と遊んでいると想像してください。自分は正体を隠す役を引き、ルール上、相手を惑わせたり推理したりできます。全員が対立を遊びとして楽しんでいます。続いて表示される説明と発話に応じて、そのときの自然な表情をしてください。,4,同じ陣営のプレイヤーが真実に近いことを言いかけ、あなたと一瞬目を合わせてから取り繕います。,今のは適当に言っただけだよ。その一言だけで僕たち二人を結びつけないで。,いたずらっぽい笑い｜通じ合う忍び笑い：共有する秘密が明らかになりかけることで、短く抑えた笑顔を引き出します。,illustrations/scene_021_hidden_role_game.png
正体を隠すボードゲームの場面：金銭の関わらない正体隠匿ゲームを親しい友人と遊んでいると想像してください。自分は正体を隠す役を引き、ルール上、相手を惑わせたり推理したりできます。全員が対立を遊びとして楽しんでいます。続いて表示される説明と発話に応じて、そのときの自然な表情をしてください。,5,普段推理が得意な友人が長く説明した後、完全に誤った結論へたどり着きます。,もう答えは明らかだよ。一番怪しいのは君ではなく、絶対にあの人だ。,社交的な笑顔｜ゲームを保つ笑顔：誤った推理を明かさず雰囲気を保つことで、統制された笑顔を引き出します。,illustrations/scene_021_hidden_role_game.png
正体を隠すボードゲームの場面：金銭の関わらない正体隠匿ゲームを親しい友人と遊んでいると想像してください。自分は正体を隠す役を引き、ルール上、相手を惑わせたり推理したりできます。全員が対立を遊びとして楽しんでいます。続いて表示される説明と発話に応じて、そのときの自然な表情をしてください。,6,正体が公開され、友人はあなたが最初のラウンドから全員を誘導していたと知ります。,やっぱり君だったのか！最初からずっと、みんな君の誘導に乗ってたよ。,喜びの笑顔｜得意な嬉しい笑顔：戦略の成功と安全な種明かしによって、はっきりした喜びを引き出します。,illustrations/scene_021_hidden_role_game.png
正体を隠すボードゲームの場面：金銭の関わらない正体隠匿ゲームを親しい友人と遊んでいると想像してください。自分は正体を隠す役を引き、ルール上、相手を惑わせたり推理したりできます。全員が対立を遊びとして楽しんでいます。続いて表示される説明と発話に応じて、そのときの自然な表情をしてください。,7,友人があなたの怪しい発言を一つずつつなぎ直し、他の人も振り返りに加わります。,今考えると、どの発言も怪しかったのに、どうしてあのとき全員信じたんだろう。,抑えきれない笑い｜集団の大笑い：後からの振り返りと笑いの感染によって、抑えにくい笑いを引き出します。,illustrations/scene_021_hidden_role_game.png
喜劇のNG映像を見て説明する場面：親しい友人と、誰かを傷つける内容ではない撮影のNG映像を見ていると想像してください。俳優は簡単なまじめな台詞を言う必要がありますが、言い間違い、小道具、笑いの連鎖で何度も失敗します。続いて表示される説明と発話に応じて、そのときの自然な表情をしてください。,1,撮影の舞台裏で、俳優が真面目な台詞の重要な言葉を逆に言いますが、そのまま演技を続けようとします。,夜が明ける前に撤退しないと。違う、撤退する前に夜が明けないと。,喜びの笑顔｜軽い笑顔：明確で害のない小さな失敗によって、自然な楽しさを引き出します。,illustrations/scene_022_comedy_bloopers.png
喜劇のNG映像を見て説明する場面：親しい友人と、誰かを傷つける内容ではない撮影のNG映像を見ていると想像してください。俳優は簡単なまじめな台詞を言う必要がありますが、言い間違い、小道具、笑いの連鎖で何度も失敗します。続いて表示される説明と発話に応じて、そのときの自然な表情をしてください。,2,監督が撮り直しを求めると、俳優は今度こそ間違えないと真剣に約束します。,今度は絶対に間違えません。撤退する前に……駄目だ、また逆に言った。,抑えきれない笑い｜突然の大笑い：宣言と直後の失敗の対比によって、急に生じる笑いを引き出します。,illustrations/scene_022_comedy_bloopers.png
喜劇のNG映像を見て説明する場面：親しい友人と、誰かを傷つける内容ではない撮影のNG映像を見ていると想像してください。俳優は簡単なまじめな台詞を言う必要がありますが、言い間違い、小道具、笑いの連鎖で何度も失敗します。続いて表示される説明と発話に応じて、そのときの自然な表情をしてください。,3,俳優自身が笑って話せなくなり、共演者もつられて笑い始めます。,こっちを見ないで。目が合うと、最初の一文字も言えなくなる。,抑えきれない笑い｜感染する大笑い：他人の自然な笑いによって、持続する笑いを引き出します。,illustrations/scene_022_comedy_bloopers.png
喜劇のNG映像を見て説明する場面：親しい友人と、誰かを傷つける内容ではない撮影のNG映像を見ていると想像してください。俳優は簡単なまじめな台詞を言う必要がありますが、言い間違い、小道具、笑いの連鎖で何度も失敗します。続いて表示される説明と発話に応じて、そのときの自然な表情をしてください。,4,三回目の撮影前、全員が真剣な表情を保とうとし、監督がもう一度指示します。,全員こらえて。この回は誰も笑わず、一度で最後まで撮ります。,抑えきれない笑い｜期待による笑い：同じ笑いが起きる予感によって、出来事の前から笑いを引き出します。,illustrations/scene_022_comedy_bloopers.png
喜劇のNG映像を見て説明する場面：親しい友人と、誰かを傷つける内容ではない撮影のNG映像を見ていると想像してください。俳優は簡単なまじめな台詞を言う必要がありますが、言い間違い、小道具、笑いの連鎖で何度も失敗します。続いて表示される説明と発話に応じて、そのときの自然な表情をしてください。,5,友人が動画を一時停止し、真面目な口調で笑いの理由を説明するよう求めます。,では、まったく笑わずに、今のどこが面白かったのか真剣に説明してください。,抑えきれない笑い｜こらえきれない笑い：制御を求められても高揚が残ることで、何度も笑いが戻る反応を引き出します。,illustrations/scene_022_comedy_bloopers.png
喜劇のNG映像を見て説明する場面：親しい友人と、誰かを傷つける内容ではない撮影のNG映像を見ていると想像してください。俳優は簡単なまじめな台詞を言う必要がありますが、言い間違い、小道具、笑いの連鎖で何度も失敗します。続いて表示される説明と発話に応じて、そのときの自然な表情をしてください。,6,ようやく落ち着いた直後、友人が突然、俳優の間違った言い方をまねします。,撤退する前に夜が明けないと。今度は正しく言えたよね？,抑えきれない笑い｜再び起きる大笑い：その場で笑いを再現されることで、もう一度強い笑いを引き出します。,illustrations/scene_022_comedy_bloopers.png
喜劇のNG映像を見て説明する場面：親しい友人と、誰かを傷つける内容ではない撮影のNG映像を見ていると想像してください。俳優は簡単なまじめな台詞を言う必要がありますが、言い間違い、小道具、笑いの連鎖で何度も失敗します。続いて表示される説明と発話に応じて、そのときの自然な表情をしてください。,7,最後の撮影で俳優は台詞を正しく言えましたが、背景の小道具がゆっくり倒れます。監督が反応します。,やっと台詞は合ったのに、後ろの小道具はどうして勝手に倒れたんだ？,抑えきれない笑い｜続く大笑い：成功の直前に新しい出来事が加わることで、強く続く笑いを引き出します。,illustrations/scene_022_comedy_bloopers.png
喜劇のNG映像を見て説明する場面：親しい友人と、誰かを傷つける内容ではない撮影のNG映像を見ていると想像してください。俳優は簡単なまじめな台詞を言う必要がありますが、言い間違い、小道具、笑いの連鎖で何度も失敗します。続いて表示される説明と発話に応じて、そのときの自然な表情をしてください。,8,動画が終わって部屋は静かになりましたが、友人はあなたと目が合うたびに先ほどの台詞を思い出します。,もうあの台詞さえ言わなければ、今度こそ笑うのを止められると思う。,社交的な笑顔｜共有する余韻の笑顔：共通の記憶と視線によって、穏やかに繰り返す笑顔を引き出します。,illustrations/scene_022_comedy_bloopers.png
チームの企画が失敗した後のまとめ：親しい同僚と数週間準備した企画が選ばれなかったと想像してください。結果発表後も短いまとめ会へ出席し、同じ場所にいる採用されたチームとも話す必要があります。続いて表示される説明と発話に応じて、そのときの自然な表情をしてください。,1,結果ページが完全に表示されましたが、採用一覧にチーム名がありません。責任者が結果を確認します。,すべての結果が発表されました。今回は私たちの提案は採用されませんでした。,苦笑｜失望の苦笑：努力と結果が釣り合わないことで、失望を含む苦笑を引き出します。,illustrations/scene_023_project_setback.png
チームの企画が失敗した後のまとめ：親しい同僚と数週間準備した企画が選ばれなかったと想像してください。結果発表後も短いまとめ会へ出席し、同じ場所にいる採用されたチームとも話す必要があります。続いて表示される説明と発話に応じて、そのときの自然な表情をしてください。,2,チームが静まり返り、責任者は事実に基づいて全員を励まそうとします。,少なくとも、できることはすべてやりました。ここ数週間、みんな本当に頑張ってくれました。,苦笑｜やるせない笑顔：事実として正しくても失望を消せない慰めによって、やるせない笑顔を引き出します。,illustrations/scene_023_project_setback.png
チームの企画が失敗した後のまとめ：親しい同僚と数週間準備した企画が選ばれなかったと想像してください。結果発表後も短いまとめ会へ出席し、同じ場所にいる採用されたチームとも話す必要があります。続いて表示される説明と発話に応じて、そのときの自然な表情をしてください。,3,採用されたチームの知人が近づき、握手しながらあなたたちの仕事を評価します。,皆さんの準備には本当に感心しました。今後、一緒に仕事をする機会があればうれしいです。,社交的な笑顔｜仕事上の祝福の笑顔：礼儀と自分の失望が同時にあることで、控えめな礼儀笑いを引き出します。,illustrations/scene_023_project_setback.png
チームの企画が失敗した後のまとめ：親しい同僚と数週間準備した企画が選ばれなかったと想像してください。結果発表後も短いまとめ会へ出席し、同じ場所にいる採用されたチームとも話す必要があります。続いて表示される説明と発話に応じて、そのときの自然な表情をしてください。,4,チームメンバーの一人が、自分の担当が全員の失敗につながったと思い、繰り返し自分を責めます。,自分の担当をもっと良くできていたら、みんなまでこの機会を逃さずに済んだかもしれない。,優しい笑顔｜支える温かな笑顔：仲間を安心させ、責任を共有することで、温かな支援の笑顔を引き出します。,illustrations/scene_023_project_setback.png
チームの企画が失敗した後のまとめ：親しい同僚と数週間準備した企画が選ばれなかったと想像してください。結果発表後も短いまとめ会へ出席し、同じ場所にいる採用されたチームとも話す必要があります。続いて表示される説明と発話に応じて、そのときの自然な表情をしてください。,5,資料を整理していると最初の案が見つかり、当時は全員が結果に自信を持っていたことを思い出します。メンバーが小声で話します。,あの頃は、この提案なら絶対に採用されるって本気で思ってたよね。,苦笑｜寂しさを含む笑顔：過去の期待と今の結果の対比によって、切なさを含む笑顔を引き出します。,illustrations/scene_023_project_setback.png
チームの企画が失敗した後のまとめ：親しい同僚と数週間準備した企画が選ばれなかったと想像してください。結果発表後も短いまとめ会へ出席し、同じ場所にいる採用されたチームとも話す必要があります。続いて表示される説明と発話に応じて、そのときの自然な表情をしてください。,6,責任者は現在の資料にも価値があると考え、次の機会への活用を提案します。,この資料は無駄になりません。修正すれば、次の機会にも提出できます。,喜びの笑顔｜希望の微笑み：努力の価値が残る可能性によって、穏やかな希望の笑顔を引き出します。,illustrations/scene_023_project_setback.png
チームの企画が失敗した後のまとめ：親しい同僚と数週間準備した企画が選ばれなかったと想像してください。結果発表後も短いまとめ会へ出席し、同じ場所にいる採用されたチームとも話す必要があります。続いて表示される説明と発話に応じて、そのときの自然な表情をしてください。,7,帰る前に、今日は振り返りを止めて一緒に食事へ行くことをチームで決めます。,今日はもう失敗の話を止めよう。何か食べに行って、まずこの一日を終わらせよう。,苦笑｜一時的な安堵の笑顔：失望を共有し、ひとまず手放すことで、苦さと安心を含む笑顔を引き出します。,illustrations/scene_023_project_setback.png
自慢し、言い訳をする同僚と向き合う場面：昼休み、同僚が自分の能力を誇張し、チームには自分が不可欠だと言い続けていると想像してください。その人が朝の簡単な仕事で失敗したことを周囲は知っていますが、昼食を言い争いにはしたくありません。続いて表示される説明と発話に応じて、そのときの自然な表情をしてください。,1,昼休み、その同僚は自分の能力を大げさに語り、周囲の同意を待ちます。,私はどんなプロジェクトでも、誰かに注意される必要がありません。チームは基本的に私なしでは動きません。,嘲笑的な笑い｜軽蔑の笑顔：誇張した自己評価と既知の事実の矛盾によって、軽蔑を含む笑顔を引き出します。,illustrations/scene_024_boastful_colleague.png
自慢し、言い訳をする同僚と向き合う場面：昼休み、同僚が自分の能力を誇張し、チームには自分が不可欠だと言い続けていると想像してください。その人が朝の簡単な仕事で失敗したことを周囲は知っていますが、昼食を言い争いにはしたくありません。続いて表示される説明と発話に応じて、そのときの自然な表情をしてください。,2,午前中に書類を提出し忘れたことを指摘されると、すぐに外部システムのせいにします。,システムが古すぎるだけで、私の問題ではありません。普通のシステムならとっくに提出できていました。,嘲笑的な笑い｜嘲る笑顔：明らかな責任転嫁によって、短く否定的な笑顔を引き出します。,illustrations/scene_024_boastful_colleague.png
自慢し、言い訳をする同僚と向き合う場面：昼休み、同僚が自分の能力を誇張し、チームには自分が不可欠だと言い続けていると想像してください。その人が朝の簡単な仕事で失敗したことを周囲は知っていますが、昼食を言い争いにはしたくありません。続いて表示される説明と発話に応じて、そのときの自然な表情をしてください。,3,能力のある人は手順に従う必要がないと主張し、あなたの意見を直接尋ねます。,本当に能力がある人は、あんな融通の利かない手順に従う必要はないですよね。あなたもそう思いませんか？,社交的な笑顔｜応対のための礼儀笑い：同意を求める圧力と争いを避ける必要によって、本当の喜びではない笑顔を引き出します。,illustrations/scene_024_boastful_colleague.png
自慢し、言い訳をする同僚と向き合う場面：昼休み、同僚が自分の能力を誇張し、チームには自分が不可欠だと言い続けていると想像してください。その人が朝の簡単な仕事で失敗したことを周囲は知っていますが、昼食を言い争いにはしたくありません。続いて表示される説明と発話に応じて、そのときの自然な表情をしてください。,4,自分の失敗を正当化した後、資料の提出が遅れた別の同僚を批判します。,資料一つ時間どおりに出せないなんて、あの人は職業意識が足りません。,嘲笑的な笑い｜冷笑：自分には甘く他人には厳しい基準によって、冷たい笑顔を引き出します。,illustrations/scene_024_boastful_colleague.png
自慢し、言い訳をする同僚と向き合う場面：昼休み、同僚が自分の能力を誇張し、チームには自分が不可欠だと言い続けていると想像してください。その人が朝の簡単な仕事で失敗したことを周囲は知っていますが、昼食を言い争いにはしたくありません。続いて表示される説明と発話に応じて、そのときの自然な表情をしてください。,5,先ほど手順は重要ではないと言ったことを指摘されると、少し止まって自分だけを例外にします。,私の場合は違います。システムの問題で、あの人は単純に能力がないんです。,嘲笑的な笑い｜皮肉な笑顔：矛盾を指摘された後の無理な自己正当化によって、嘲笑を含む笑顔を引き出します。,illustrations/scene_024_boastful_colleague.png
自慢し、言い訳をする同僚と向き合う場面：昼休み、同僚が自分の能力を誇張し、チームには自分が不可欠だと言い続けていると想像してください。その人が朝の簡単な仕事で失敗したことを周囲は知っていますが、昼食を言い争いにはしたくありません。続いて表示される説明と発話に応じて、そのときの自然な表情をしてください。,6,自分がプロジェクトを救った話を始めますが、その内容はあなたが実際に見た状況と大きく違います。,あのとき私が一人で状況を立て直さなければ、プロジェクト全体が完全に失敗していました。,嘲笑的な笑い｜軽蔑の笑顔：功績を書き換える語りによって、軽蔑を含む笑顔を引き出します。,illustrations/scene_024_boastful_colleague.png
自慢し、言い訳をする同僚と向き合う場面：昼休み、同僚が自分の能力を誇張し、チームには自分が不可欠だと言い続けていると想像してください。その人が朝の簡単な仕事で失敗したことを周囲は知っていますが、昼食を言い争いにはしたくありません。続いて表示される説明と発話に応じて、そのときの自然な表情をしてください。,7,昼休みが終わると、その同僚は帰り際にあなたの肩をたたきます。,もっと私と仕事をすれば、私から多くのことを学べますよ。,社交的な笑顔｜仕事上の終了の笑顔：表面上の関係を保ちながら会話を終える必要によって、定型的な笑顔を引き出します。,illustrations/scene_024_boastful_colleague.png
自慢し、言い訳をする同僚と向き合う場面：昼休み、同僚が自分の能力を誇張し、チームには自分が不可欠だと言い続けていると想像してください。その人が朝の簡単な仕事で失敗したことを周囲は知っていますが、昼食を言い争いにはしたくありません。続いて表示される説明と発話に応じて、そのときの自然な表情をしてください。,8,席に戻ると、午後もその同僚と一緒に作業すると分かります。相手からすぐに指示が届きます。,午後の作業も二人で進めます。私が伝える手順どおりにやってください。,苦笑｜やるせない苦笑：避けたい相手との関わりを避けられないことで、疲れとやるせなさを引き出します。,illustrations/scene_024_boastful_colleague.png
携帯電話をなくしたと思った後で見つける場面：喫茶店を出ようとして、ポケットにも机にも携帯電話が見つからないと想像してください。重要な資料が入っており、最後に店内で使ったのか外で使ったのか思い出せません。続いて表示される説明と発話に応じて、そのときの自然な表情をしてください。,1,テーブル、上着、かばんの普段使うポケットを調べましたが、スマートフォンが見つかりません。友人はあなたが焦っていることに気づきます。,まず落ち着いて。最後にスマートフォンを出したのは店の中だったか、来る途中だったか思い出してみて。,苦笑｜緊張を伴う苦笑：大切な物をなくした可能性と記憶の不確かさによって、緊張した笑顔を引き出します。,illustrations/scene_025_phone_found.png
携帯電話をなくしたと思った後で見つける場面：喫茶店を出ようとして、ポケットにも机にも携帯電話が見つからないと想像してください。重要な資料が入っており、最後に店内で使ったのか外で使ったのか思い出せません。続いて表示される説明と発話に応じて、そのときの自然な表情をしてください。,2,他の客が待つ中、カウンターへ戻ってスマートフォンの落とし物を尋ねます。店員が丁寧に答えます。,今のところ、スマートフォンの届け物はありませんが、ほかの店員にも確認いたします。,社交的な笑顔｜申し訳なさを含む礼儀笑い：人に助けを求め時間を取らせる気遣いによって、謝意を含む笑顔を引き出します。,illustrations/scene_025_phone_found.png
携帯電話をなくしたと思った後で見つける場面：喫茶店を出ようとして、ポケットにも机にも携帯電話が見つからないと想像してください。重要な資料が入っており、最後に店内で使ったのか外で使ったのか思い出せません。続いて表示される説明と発話に応じて、そのときの自然な表情をしてください。,3,店員も見つけられず、友人が番号へ電話して場所を確かめようと提案します。,今から君のスマートフォンに電話するから、近くで音がしないかよく聞いてみて。,苦笑｜やるせない苦笑：最後の簡単な方法でもすぐに解決しないことで、やるせない笑顔を引き出します。,illustrations/scene_025_phone_found.png
携帯電話をなくしたと思った後で見つける場面：喫茶店を出ようとして、ポケットにも机にも携帯電話が見つからないと想像してください。重要な資料が入っており、最後に店内で使ったのか外で使ったのか思い出せません。続いて表示される説明と発話に応じて、そのときの自然な表情をしてください。,4,周囲が静かになると、かばんの底から小さな振動音が聞こえます。友人にも聞こえました。,待って、その音、君のかばんの中から聞こえてるみたいだよ。,喜びの笑顔｜驚きと安堵の笑顔：不安が突然解消されることで、素早くはっきりした笑顔を引き出します。,illustrations/scene_025_phone_found.png
携帯電話をなくしたと思った後で見つける場面：喫茶店を出ようとして、ポケットにも机にも携帯電話が見つからないと想像してください。重要な資料が入っており、最後に店内で使ったのか外で使ったのか思い出せません。続いて表示される説明と発話に応じて、そのときの自然な表情をしてください。,5,普段使わない仕切りからスマートフォンを取り出し、安全のため自分で入れたことを思い出します。友人があなたを見ます。,つまり、なくさないように、自分でも見つけられない場所へわざわざ隠したの？,抑えきれない笑い｜自嘲の大笑い：緊張の解消と自分自身の矛盾によって、突然の笑いを引き出します。,illustrations/scene_025_phone_found.png
携帯電話をなくしたと思った後で見つける場面：喫茶店を出ようとして、ポケットにも机にも携帯電話が見つからないと想像してください。重要な資料が入っており、最後に店内で使ったのか外で使ったのか思い出せません。続いて表示される説明と発話に応じて、そのときの自然な表情をしてください。,6,電話がつながると、友人はあなたが笑っていることに気づき、場所をもう一度尋ねます。,それで、どこにあったの？最初から自分のかばんの中だったなんて言わないよね。,抑えきれない笑い｜こらえきれない笑い：滑稽な経緯を話し直すことで、笑いが再び起きる反応を引き出します。,illustrations/scene_025_phone_found.png
携帯電話をなくしたと思った後で見つける場面：喫茶店を出ようとして、ポケットにも机にも携帯電話が見つからないと想像してください。重要な資料が入っており、最後に店内で使ったのか外で使ったのか思い出せません。続いて表示される説明と発話に応じて、そのときの自然な表情をしてください。,7,店員に礼を言って騒がせたことを謝ると、店員も安心した様子です。,見つかって本当によかったです。私も心配していたので、謝らなくて大丈夫ですよ。,喜びの笑顔｜安心と感謝の笑顔：問題の解決と相手の親切な返答によって、誠実で安心した笑顔を引き出します。,illustrations/scene_025_phone_found.png
友人のために秘密の誕生日会を準備する場面：何人かの友人と慣れた部屋を借り、もうすぐ来る友人のために小さな誕生日の驚きを用意したと想像してください。本人は普通の食事だと思っており、もう扉の前だと連絡しています。続いて表示される説明と発話に応じて、そのときの自然な表情をしてください。,1,照明を消して全員が位置につき、ドアの外から友人が鍵を探す音が聞こえます。協力者が小声で確認します。,もうドアの前にいるよ。みんな声を出さないで、僕が電気をつけてから一緒に言おう。,いたずらっぽい笑い｜期待を伴う忍び笑い：共有する秘密がもうすぐ明かされることで、隠しにくい笑顔を引き出します。,illustrations/scene_026_surprise_party.png
友人のために秘密の誕生日会を準備する場面：何人かの友人と慣れた部屋を借り、もうすぐ来る友人のために小さな誕生日の驚きを用意したと想像してください。本人は普通の食事だと思っており、もう扉の前だと連絡しています。続いて表示される説明と発話に応じて、そのときの自然な表情をしてください。,2,友人は外から部屋が不自然に静かなことに気づき、音声メッセージを送ります。,中がどうしてこんなに静かなの？まさか、まだ誰も来てないの？,いたずらっぽい笑い｜意図を隠す笑顔：信じてもらえるよう秘密を隠す必要によって、内緒の笑顔を引き出します。,illustrations/scene_026_surprise_party.png
友人のために秘密の誕生日会を準備する場面：何人かの友人と慣れた部屋を借り、もうすぐ来る友人のために小さな誕生日の驚きを用意したと想像してください。本人は普通の食事だと思っており、もう扉の前だと連絡しています。続いて表示される説明と発話に応じて、そのときの自然な表情をしてください。,3,ドアノブが回り始めると、一人が早く笑いそうになり、小声で我慢すると伝えます。,分かってる、分かってる。ちゃんと我慢するから、こっちを見ないで。,いたずらっぽい笑い｜通じ合う忍び笑い：一緒に笑いを抑え、秘密が明らかになりかけることで、共謀する笑顔を引き出します。,illustrations/scene_026_surprise_party.png
友人のために秘密の誕生日会を準備する場面：何人かの友人と慣れた部屋を借り、もうすぐ来る友人のために小さな誕生日の驚きを用意したと想像してください。本人は普通の食事だと思っており、もう扉の前だと連絡しています。続いて表示される説明と発話に応じて、そのときの自然な表情をしてください。,4,友人は暗い部屋に入り、まだサプライズに気づかないまま立ち止まります。,誰かいるの？どうして電気もついてないの？,いたずらっぽい笑い｜種明かし前の意味ありげな笑顔：相手だけが知らない情報を持つことで、期待を高める笑顔を引き出します。,illustrations/scene_026_surprise_party.png
友人のために秘密の誕生日会を準備する場面：何人かの友人と慣れた部屋を借り、もうすぐ来る友人のために小さな誕生日の驚きを用意したと想像してください。本人は普通の食事だと思っており、もう扉の前だと連絡しています。続いて表示される説明と発話に応じて、そのときの自然な表情をしてください。,5,照明がつき、全員で祝福します。友人は戸惑いから立ち直り、部屋を見回します。,みんな、ずっとこれを準備してたの？本当にまったく気づかなかった。,喜びの笑顔｜共有する晴れやかな笑顔：好意的な計画の成功と相手の喜びによって、心からの笑顔を引き出します。,illustrations/scene_026_surprise_party.png
友人のために秘密の誕生日会を準備する場面：何人かの友人と慣れた部屋を借り、もうすぐ来る友人のために小さな誕生日の驚きを用意したと想像してください。本人は普通の食事だと思っており、もう扉の前だと連絡しています。続いて表示される説明と発話に応じて、そのときの自然な表情をしてください。,6,友人は今日の不自然な出来事をようやく結びつけ、あなたを指さしながら振り返ります。,だから今日は返信がずっと遅かったんだね。朝からずっと僕をだましてたんだ。,抑えきれない笑い｜感染する集団の笑い：成功後に失敗しかけた場面を振り返ることで、止めにくい笑いを引き出します。,illustrations/scene_026_surprise_party.png
